6,0,2,1,0,1,1,1,0,0,1,1,0,2,2,0,0,0,1,1,3,1,1,1,0,0,0,0,4,0,0,0,0,0,0,diaporthe-stem-canker
4,0,2,1,0,2,0,2,1,1,1,1,0,2,2,0,0,0,1,0,3,1,1,1,0,0,0,0,4,0,0,0,0,0,0,diaporthe-stem-canker
3,0,2,1,0,1,0,2,1,2,1,1,0,2,2,0,0,0,1,0,3,0,1,1,0,0,0,0,4,0,0,0,0,0,0,diaporthe-stem-canker
3,0,2,1,0,1,0,2,0,1,1,1,0,2,2,0,0,0,1,0,3,0,1,1,0,0,0,0,4,0,0,0,0,0,0,diaporthe-stem-canker
6,0,2,1,0,2,0,1,0,2,1,1,0,2,2,0,0,0,1,0,3,1,1,1,0,0,0,0,4,0,0,0,0,0,0,diaporthe-stem-canker
5,0,2,1,0,3,0,1,0,1,1,1,0,2,2,0,0,0,1,0,3,0,1,1,0,0,0,0,4,0,0,0,0,0,0,diaporthe-stem-canker
5,0,2,1,0,2,0,1,1,0,1,1,0,2,2,0,0,0,1,1,3,1,1,1,0,0,0,0,4,0,0,0,0,0,0,diaporthe-stem-canker
4,0,2,1,1,1,0,1,0,2,1,1,0,2,2,0,0,0,1,0,3,1,1,1,0,0,0,0,4,0,0,0,0,0,0,diaporthe-stem-canker
6,0,2,1,0,3,0,1,1,1,1,1,0,2,2,0,0,0,1,0,3,1,1,1,0,0,0,0,4,0,0,0,0,0,0,diaporthe-stem-canker
4,0,2,1,0,2,0,2,0,2,1,1,0,2,2,0,0,0,1,0,3,1,1,1,0,0,0,0,4,0,0,0,0,0,0,diaporthe-stem-canker
6,0,0,2,0,1,3,1,1,0,1,1,0,2,2,0,0,0,1,0,0,3,0,0,0,2,1,0,4,0,0,0,0,0,0,charcoal-rot
4,0,0,1,1,1,3,1,1,1,1,1,0,2,2,0,0,0,1,1,0,3,0,0,0,2,1,0,4,0,0,0,0,0,0,charcoal-rot
3,0,0,1,0,1,2,1,0,0,1,1,0,2,2,0,0,0,1,0,0,3,0,0,0,2,1,0,4,0,0,0,0,0,0,charcoal-rot
6,0,0,1,1,3,3,1,1,0,1,1,0,2,2,0,0,0,1,0,0,3,0,0,0,2,1,0,4,0,0,0,0,0,0,charcoal-rot
6,0,0,2,0,1,3,1,1,1,1,1,0,2,2,0,0,0,1,0,0,3,0,0,0,2,1,0,4,0,0,0,0,0,0,charcoal-rot
5,0,0,2,1,3,3,1,1,2,1,1,0,2,2,0,0,0,1,0,0,3,0,0,0,2,1,0,4,0,0,0,0,0,0,charcoal-rot
6,0,0,2,1,0,2,1,0,0,1,1,0,2,2,0,0,0,1,1,0,3,0,0,0,2,1,0,4,0,0,0,0,0,0,charcoal-rot
4,0,0,1,0,2,2,1,0,1,1,1,0,2,2,0,0,0,1,0,0,3,0,0,0,2,1,0,4,0,0,0,0,0,0,charcoal-rot
3,0,0,2,0,2,2,1,0,2,1,1,0,2,2,0,0,0,1,0,0,3,0,0,0,2,1,0,4,0,0,0,0,0,0,charcoal-rot
5,0,0,2,1,2,2,1,0,2,1,1,0,2,2,0,0,0,1,0,0,3,0,0,0,2,1,0,4,0,0,0,0,0,0,charcoal-rot
1,1,2,0,0,2,1,2,0,2,1,0,0,2,2,0,0,0,1,0,1,1,0,1,1,0,0,3,4,0,0,0,0,0,0,rhizoctonia-root-rot
1,1,2,0,0,1,1,2,0,1,1,0,0,2,2,0,0,0,1,0,1,1,0,1,0,0,0,3,4,0,0,0,0,0,0,rhizoctonia-root-rot
3,0,2,0,1,3,1,2,0,1,1,0,0,2,2,0,0,0,1,1,1,1,0,1,1,0,0,3,4,0,0,0,0,0,0,rhizoctonia-root-rot
0,1,2,0,0,0,1,1,1,2,1,0,0,2,2,0,0,0,1,0,1,1,0,1,0,0,0,3,4,0,0,0,0,0,0,rhizoctonia-root-rot
0,1,2,0,0,1,1,2,1,2,1,0,0,2,2,0,0,0,1,0,1,1,0,1,0,0,0,3,4,0,0,0,0,0,0,rhizoctonia-root-rot
1,1,2,0,0,3,1,2,0,2,1,0,0,2,2,0,0,0,1,0,1,1,0,1,0,0,0,3,4,0,0,0,0,0,0,rhizoctonia-root-rot
1,1,2,0,0,0,1,1,0,1,1,0,0,2,2,0,0,0,1,0,1,1,0,1,0,0,0,3,4,0,0,0,0,0,0,rhizoctonia-root-rot
2,1,2,0,0,2,1,1,0,1,1,0,0,2,2,0,0,0,1,0,1,1,0,1,0,0,0,3,4,0,0,0,0,0,0,rhizoctonia-root-rot
1,1,2,0,0,1,1,2,0,2,1,0,0,2,2,0,0,0,1,0,1,1,0,1,0,0,0,3,4,0,0,0,0,0,0,rhizoctonia-root-rot
2,1,2,0,0,1,1,2,0,2,1,0,0,2,2,0,0,0,1,0,1,1,0,1,0,0,0,3,4,0,0,0,0,0,0,rhizoctonia-root-rot
0,1,2,1,1,1,1,1,0,0,1,1,0,2,2,0,0,0,1,0,1,2,0,1,0,0,0,3,4,0,0,0,0,0,0,phytophthora-rot
1,1,2,1,NaN,3,1,NaN,NaN,NaN,1,1,0,2,2,0,0,0,1,NaN,2,2,NaN,0,0,0,0,NaN,NaN,NaN,NaN,NaN,NaN,NaN,1,phytophthora-rot
2,1,2,2,NaN,2,1,NaN,NaN,NaN,1,1,NaN,NaN,NaN,NaN,NaN,NaN,1,NaN,3,2,NaN,0,0,0,0,NaN,NaN,NaN,NaN,NaN,NaN,NaN,1,phytophthora-rot
1,1,2,0,0,2,1,2,1,1,1,1,0,2,2,0,0,0,1,0,2,2,0,0,0,0,0,3,4,0,0,0,0,0,0,phytophthora-rot
2,1,2,2,NaN,2,1,NaN,NaN,NaN,1,1,NaN,NaN,NaN,NaN,NaN,NaN,1,NaN,2,2,NaN,0,0,0,0,NaN,NaN,NaN,NaN,NaN,NaN,NaN,1,phytophthora-rot
3,1,2,1,NaN,2,1,NaN,NaN,NaN,1,1,NaN,NaN,NaN,NaN,NaN,NaN,1,NaN,3,2,NaN,0,0,0,0,NaN,NaN,NaN,NaN,NaN,NaN,NaN,1,phytophthora-rot
0,1,1,1,0,1,1,1,0,0,1,1,0,2,2,0,0,0,1,0,1,2,0,0,0,0,0,3,4,0,0,0,0,0,0,phytophthora-rot
3,1,2,0,0,2,1,2,1,1,1,1,0,2,2,0,0,0,1,0,2,2,0,0,0,0,0,3,4,0,0,0,0,0,0,phytophthora-rot
2,1,1,1,NaN,0,1,NaN,NaN,NaN,1,1,0,2,2,0,0,0,1,NaN,2,2,NaN,0,0,0,0,NaN,NaN,NaN,NaN,NaN,NaN,NaN,1,phytophthora-rot
2,1,2,0,0,1,1,2,0,1,1,1,0,2,2,0,0,0,1,0,1,2,0,0,0,0,0,3,4,0,0,0,0,0,0,phytophthora-rot
2,1,2,1,NaN,1,1,NaN,NaN,NaN,1,1,0,2,2,0,0,0,1,NaN,2,2,NaN,0,0,0,0,NaN,NaN,NaN,NaN,NaN,NaN,NaN,1,phytophthora-rot
1,1,2,1,NaN,1,1,NaN,NaN,NaN,1,1,NaN,NaN,NaN,NaN,NaN,NaN,1,NaN,1,2,NaN,0,0,0,0,NaN,NaN,NaN,NaN,NaN,NaN,NaN,1,phytophthora-rot
0,1,2,1,0,3,1,1,0,0,1,1,0,2,2,0,0,0,1,0,1,2,0,0,0,0,0,3,4,0,0,0,0,0,0,phytophthora-rot
0,1,1,1,1,2,1,2,1,0,1,1,0,2,2,0,0,0,1,1,2,2,0,1,0,0,0,3,4,0,0,0,0,0,0,phytophthora-rot
3,1,2,0,0,1,1,2,1,0,1,1,0,2,2,0,0,0,1,0,2,2,0,0,0,0,0,3,4,0,0,0,0,0,0,phytophthora-rot
2,1,2,2,NaN,3,1,NaN,NaN,NaN,1,1,NaN,NaN,NaN,NaN,NaN,NaN,1,NaN,3,2,NaN,0,0,0,0,NaN,NaN,NaN,NaN,NaN,NaN,NaN,1,phytophthora-rot
0,1,2,1,0,2,1,1,0,1,1,1,0,2,2,0,0,0,1,0,1,2,0,0,0,0,0,3,4,0,0,0,0,0,0,phytophthora-rot
2,1,1,2,NaN,2,1,NaN,NaN,NaN,1,1,0,2,2,0,0,0,1,NaN,2,2,NaN,0,0,0,0,NaN,NaN,NaN,NaN,NaN,NaN,NaN,1,phytophthora-rot
2,1,2,1,1,1,1,2,0,2,1,1,0,2,2,0,0,0,1,0,1,2,0,1,0,0,0,3,4,0,0,0,0,0,0,phytophthora-rot
0,1,2,1,0,3,1,1,0,2,1,1,0,2,2,0,0,0,1,0,1,2,0,0,0,0,0,3,4,0,0,0,0,0,0,phytophthora-rot
1,1,2,1,0,0,1,2,1,1,1,1,0,2,2,0,0,0,1,0,2,2,0,0,0,0,0,3,4,0,0,0,0,0,0,phytophthora-rot
1,1,2,1,NaN,0,1,NaN,NaN,NaN,1,1,0,2,2,0,0,0,1,NaN,1,2,NaN,0,0,0,0,NaN,NaN,NaN,NaN,NaN,NaN,NaN,1,phytophthora-rot
3,1,2,1,NaN,1,1,NaN,NaN,NaN,1,1,NaN,NaN,NaN,NaN,NaN,NaN,1,NaN,3,2,NaN,0,0,0,0,NaN,NaN,NaN,NaN,NaN,NaN,NaN,1,phytophthora-rot
2,1,2,1,NaN,1,1,NaN,NaN,NaN,1,1,0,2,2,0,0,0,1,NaN,3,2,NaN,0,0,0,0,NaN,NaN,NaN,NaN,NaN,NaN,NaN,1,phytophthora-rot
3,1,2,2,NaN,2,1,NaN,NaN,NaN,1,1,NaN,NaN,NaN,NaN,NaN,NaN,1,NaN,2,2,NaN,0,0,0,0,NaN,NaN,NaN,NaN,NaN,NaN,NaN,1,phytophthora-rot
1,1,2,1,1,3,1,2,0,1,1,1,0,2,2,0,0,0,1,1,1,2,0,1,0,0,0,3,4,0,0,0,0,0,0,phytophthora-rot
3,1,1,1,NaN,3,1,NaN,NaN,NaN,1,1,0,2,2,0,0,0,1,NaN,2,2,NaN,0,0,0,0,NaN,NaN,NaN,NaN,NaN,NaN,NaN,1,phytophthora-rot
2,1,2,2,NaN,1,1,NaN,NaN,NaN,1,1,NaN,NaN,NaN,NaN,NaN,NaN,1,NaN,2,2,NaN,0,0,0,0,NaN,NaN,NaN,NaN,NaN,NaN,NaN,1,phytophthora-rot
3,1,1,2,NaN,2,1,NaN,NaN,NaN,1,1,0,2,2,0,0,0,1,NaN,2,2,NaN,0,0,0,0,NaN,NaN,NaN,NaN,NaN,NaN,NaN,1,phytophthora-rot
1,1,2,2,NaN,1,1,NaN,NaN,NaN,1,1,NaN,NaN,NaN,NaN,NaN,NaN,1,NaN,1,2,NaN,0,0,0,0,NaN,NaN,NaN,NaN,NaN,NaN,NaN,1,phytophthora-rot
2,1,2,2,NaN,3,1,NaN,NaN,NaN,1,1,0,2,2,0,0,0,1,NaN,2,2,NaN,0,0,0,0,NaN,NaN,NaN,NaN,NaN,NaN,NaN,1,phytophthora-rot
3,1,1,1,NaN,0,1,NaN,NaN,NaN,1,1,0,2,2,0,0,0,1,NaN,3,2,NaN,0,0,0,0,NaN,NaN,NaN,NaN,NaN,NaN,NaN,1,phytophthora-rot
2,1,2,0,0,1,1,2,0,0,1,1,0,2,2,0,0,0,1,0,1,2,0,0,0,0,0,3,4,0,0,0,0,0,0,phytophthora-rot
3,1,1,1,NaN,1,1,NaN,NaN,NaN,1,1,0,2,2,0,0,0,1,NaN,3,2,NaN,0,0,0,0,NaN,NaN,NaN,NaN,NaN,NaN,NaN,1,phytophthora-rot
2,1,2,2,NaN,1,1,NaN,NaN,NaN,1,1,NaN,NaN,NaN,NaN,NaN,NaN,1,NaN,1,2,NaN,0,0,0,0,NaN,NaN,NaN,NaN,NaN,NaN,NaN,1,phytophthora-rot
1,1,2,0,0,0,1,2,1,0,1,1,0,2,2,0,0,0,1,0,2,2,0,0,0,0,0,3,4,0,0,0,0,0,0,phytophthora-rot
3,1,2,1,NaN,2,1,NaN,NaN,NaN,1,1,NaN,NaN,NaN,NaN,NaN,NaN,1,NaN,2,2,NaN,0,0,0,0,NaN,NaN,NaN,NaN,NaN,NaN,NaN,1,phytophthora-rot
3,1,2,1,NaN,3,1,NaN,NaN,NaN,1,1,NaN,NaN,NaN,NaN,NaN,NaN,1,NaN,3,2,NaN,0,0,0,0,NaN,NaN,NaN,NaN,NaN,NaN,NaN,1,phytophthora-rot
3,1,1,0,0,2,1,2,1,2,1,1,0,2,2,0,0,0,1,0,2,2,0,0,0,0,0,3,4,0,0,0,0,0,0,phytophthora-rot
3,1,2,2,NaN,2,1,NaN,NaN,NaN,1,1,NaN,NaN,NaN,NaN,NaN,NaN,1,NaN,3,2,NaN,0,0,0,0,NaN,NaN,NaN,NaN,NaN,NaN,NaN,1,phytophthora-rot
4,0,0,1,0,1,3,1,1,2,0,1,0,2,2,0,0,0,1,0,0,0,0,0,0,1,0,0,0,0,0,0,0,0,0,brown-stem-rot
4,0,0,1,0,1,3,1,1,2,0,1,0,2,2,0,0,0,1,0,0,0,0,0,0,1,0,0,0,0,0,0,0,0,0,brown-stem-rot
3,1,0,0,0,3,0,1,1,2,1,0,0,2,2,0,0,0,1,0,0,3,0,0,0,1,0,0,4,0,0,0,0,0,0,brown-stem-rot
5,0,0,2,0,1,3,1,1,2,0,1,0,2,2,0,0,0,1,0,0,0,0,0,0,1,0,0,0,0,0,0,0,0,0,brown-stem-rot
5,0,0,2,0,2,3,1,1,1,0,1,0,2,2,0,0,0,1,0,0,0,0,0,0,1,0,0,0,0,0,0,0,0,0,brown-stem-rot
4,0,0,1,0,3,2,1,0,1,0,1,0,2,2,0,0,0,1,0,0,0,0,0,0,1,0,0,0,0,0,0,0,0,0,brown-stem-rot
5,0,0,1,1,3,3,1,0,2,1,1,2,0,1,0,0,0,1,1,0,3,0,0,0,1,0,0,4,0,0,0,0,0,0,brown-stem-rot
6,0,1,1,1,2,0,1,1,0,1,0,0,2,1,0,0,0,1,1,0,3,0,0,0,1,0,0,4,0,0,0,0,0,0,brown-stem-rot
5,1,0,0,0,3,2,1,0,0,1,1,0,2,2,0,0,0,1,1,0,3,0,0,0,1,0,0,4,0,0,0,0,0,0,brown-stem-rot
5,1,0,1,0,1,3,1,1,0,1,1,2,0,1,0,0,0,1,1,0,3,0,0,0,1,0,0,4,0,0,0,0,0,0,brown-stem-rot
4,0,1,0,1,2,3,1,1,2,1,0,0,2,2,0,0,0,1,1,0,3,0,0,0,1,0,0,4,0,0,0,0,0,0,brown-stem-rot
4,1,0,0,0,3,2,1,1,1,1,1,2,0,1,0,0,0,1,1,0,3,0,0,0,1,0,0,4,0,0,0,0,0,0,brown-stem-rot
4,0,0,1,0,2,0,1,1,0,0,1,0,2,2,0,0,0,1,0,0,0,0,0,0,1,0,0,0,0,0,0,0,0,0,brown-stem-rot
3,1,0,0,0,2,0,2,0,1,1,1,2,0,1,0,0,0,1,0,0,3,0,0,0,1,0,0,4,0,0,0,0,0,0,brown-stem-rot
5,0,0,1,0,3,2,1,0,1,0,1,0,2,2,0,0,0,1,0,0,0,0,0,0,1,0,0,0,0,0,0,0,0,0,brown-stem-rot
4,0,0,1,0,3,3,1,1,0,0,1,0,2,2,0,0,0,1,0,0,0,0,0,0,1,0,0,0,0,0,0,0,0,0,brown-stem-rot
4,0,0,1,0,3,2,1,0,2,0,1,0,2,2,0,0,0,1,0,0,0,0,0,0,1,0,0,0,0,0,0,0,0,0,brown-stem-rot
4,0,0,1,0,1,2,1,1,2,0,1,0,2,2,0,0,0,1,0,0,0,0,0,0,1,0,0,0,0,0,0,0,0,0,brown-stem-rot
4,0,0,1,0,1,2,1,0,0,0,1,0,2,2,0,0,0,1,0,0,0,0,0,0,1,0,0,0,0,0,0,0,0,0,brown-stem-rot
3,0,0,1,0,3,2,1,0,0,0,1,0,2,2,0,0,0,1,0,0,0,0,0,0,1,0,0,0,0,0,0,0,0,0,brown-stem-rot
5,0,0,1,1,3,3,1,0,1,0,1,0,2,2,0,0,1,0,0,0,0,0,0,0,0,0,0,0,0,0,0,0,0,0,powdery-mildew
6,0,1,0,1,0,0,0,1,2,0,1,0,2,2,0,0,1,0,0,0,0,0,0,0,0,0,0,0,0,0,0,0,0,0,powdery-mildew
1,1,0,1,0,3,3,1,2,0,0,1,0,2,2,0,0,1,0,0,0,0,0,0,0,0,0,0,0,0,0,0,0,0,0,powdery-mildew
6,1,1,0,0,2,2,0,1,2,0,1,0,2,2,0,0,1,0,0,0,0,0,0,0,0,0,0,0,0,0,0,0,0,0,powdery-mildew
4,1,1,0,0,2,2,0,2,0,0,1,0,2,2,0,0,1,0,0,0,0,0,0,0,0,0,0,0,0,0,0,0,0,0,powdery-mildew
6,0,0,1,1,1,1,1,0,2,0,1,0,2,2,0,0,1,0,0,0,0,0,0,0,0,0,0,0,0,0,0,0,0,0,powdery-mildew
2,1,1,0,0,2,2,0,0,1,0,1,0,2,2,0,0,1,0,0,0,0,0,0,0,0,0,0,0,0,0,0,0,0,0,powdery-mildew
6,1,0,1,0,1,1,1,1,2,0,1,0,2,2,0,0,1,0,0,0,0,0,0,0,0,0,0,0,0,0,0,0,0,0,powdery-mildew
5,1,0,1,0,1,1,1,0,1,0,1,0,2,2,0,0,1,0,0,0,0,0,0,0,0,0,0,0,0,0,0,0,0,0,powdery-mildew
1,1,0,1,0,1,1,1,2,0,0,1,0,2,2,0,0,1,0,0,0,0,0,0,0,0,0,0,0,0,0,0,0,0,0,powdery-mildew
6,0,2,0,1,2,1,0,1,2,0,1,2,0,1,0,1,2,0,0,0,0,0,0,0,0,0,0,0,1,1,0,0,0,0,downy-mildew
2,0,2,1,1,1,1,1,1,2,0,1,2,0,1,0,1,2,0,0,0,0,0,0,0,0,0,0,0,1,1,0,0,0,0,downy-mildew
1,0,2,1,1,3,2,1,0,1,0,1,1,0,1,0,0,2,0,0,0,0,0,0,0,0,0,0,0,1,1,0,0,0,0,downy-mildew
4,1,2,2,0,2,2,1,0,1,0,1,1,0,1,0,1,2,0,0,0,0,0,0,0,0,0,0,0,1,1,0,0,0,0,downy-mildew
1,0,2,0,1,0,0,1,0,1,0,1,1,0,1,0,0,2,0,0,0,0,0,0,0,0,0,0,0,1,1,0,0,0,0,downy-mildew
2,1,2,0,0,3,0,1,0,1,0,1,1,0,1,0,0,2,0,0,0,0,0,0,0,0,0,0,0,1,1,0,0,0,0,downy-mildew
2,1,2,1,0,2,0,1,0,1,0,1,2,0,1,0,0,2,0,0,0,0,0,0,0,0,0,0,0,1,1,0,0,0,0,downy-mildew
4,1,2,2,0,2,1,0,1,2,0,1,1,0,1,0,0,2,0,0,0,0,0,0,0,0,0,0,0,1,1,0,0,0,0,downy-mildew
4,1,2,0,0,1,2,1,0,1,0,1,2,0,1,0,0,2,0,0,0,0,0,0,0,0,0,0,0,1,1,0,0,0,0,downy-mildew
5,1,2,1,0,3,2,1,0,1,0,1,1,0,1,0,0,2,0,0,0,0,0,0,0,0,0,0,0,1,1,0,0,0,0,downy-mildew
1,1,2,2,1,3,3,1,0,2,1,1,2,0,1,0,0,0,0,0,0,0,0,0,0,0,0,0,0,0,0,0,0,0,0,brown-spot
2,0,2,1,0,2,3,1,1,1,0,1,2,0,1,0,0,0,0,0,0,0,0,0,0,0,0,0,0,0,0,0,0,0,0,brown-spot
2,0,2,1,0,2,3,1,1,0,0,1,2,0,1,1,0,0,0,0,0,0,0,0,0,0,0,0,0,0,0,0,0,0,0,brown-spot
2,0,2,1,0,1,0,1,2,0,0,1,2,0,1,1,0,0,0,0,0,0,0,0,0,0,0,0,0,0,0,0,0,0,0,brown-spot
1,1,2,2,1,3,3,1,1,1,1,1,2,0,1,0,0,0,0,0,0,0,0,0,0,0,0,0,0,0,0,0,0,0,0,brown-spot
1,1,2,1,0,2,3,1,0,2,0,1,2,0,1,1,0,0,0,0,0,0,0,0,0,0,0,0,0,0,0,0,0,0,0,brown-spot
0,1,2,2,1,3,3,1,2,1,0,1,2,0,1,0,0,0,0,0,0,0,0,0,0,0,0,0,0,0,0,0,0,0,0,brown-spot
2,0,2,1,0,2,3,1,0,0,0,1,2,0,1,1,0,0,0,0,0,0,0,0,0,0,0,0,0,0,0,0,0,0,0,brown-spot
1,0,2,1,0,2,3,1,1,1,0,1,2,0,1,1,0,0,0,0,0,0,0,0,0,0,0,0,0,0,0,0,0,0,0,brown-spot
2,1,2,1,0,3,3,1,0,2,0,1,2,0,1,1,0,0,0,0,0,0,0,0,0,0,0,0,0,0,0,0,0,0,0,brown-spot
5,0,2,1,0,2,2,1,0,1,0,1,2,0,1,0,0,0,1,0,3,1,1,0,0,0,0,0,0,0,0,0,0,0,0,brown-spot
1,1,2,1,0,3,3,1,1,2,0,1,2,0,1,1,0,0,0,0,0,0,0,0,0,0,0,0,0,0,0,0,0,0,0,brown-spot
1,0,2,1,0,3,3,1,2,0,0,1,2,0,1,1,0,0,0,0,0,0,0,0,0,0,0,0,0,0,0,0,0,0,0,brown-spot
4,0,2,1,0,1,3,1,0,0,0,1,2,0,1,1,0,0,1,0,3,1,1,0,0,0,0,0,0,0,0,0,0,0,0,brown-spot
1,0,2,1,0,2,3,1,0,1,0,1,2,0,1,1,0,0,0,0,0,0,0,0,0,0,0,0,0,0,0,0,0,0,0,brown-spot
4,1,2,1,0,3,3,1,0,2,0,1,2,0,1,0,0,0,1,0,3,1,1,0,0,0,0,0,0,0,0,0,0,0,0,brown-spot
2,0,2,1,0,3,3,1,0,0,0,1,2,0,1,1,0,0,0,0,0,0,0,0,0,0,0,0,0,0,0,0,0,0,0,brown-spot
0,1,1,1,1,2,2,0,2,1,1,1,2,0,1,0,0,0,0,0,0,0,0,0,0,0,0,0,0,0,0,0,0,0,0,brown-spot
1,1,1,1,1,2,0,0,0,2,0,1,2,0,1,0,0,0,0,0,0,0,0,0,0,0,0,0,0,0,0,0,0,0,0,brown-spot
1,1,2,1,0,1,0,1,2,2,0,1,2,0,1,1,0,0,0,0,0,0,0,0,0,0,0,0,0,0,0,0,0,0,0,brown-spot
1,0,2,1,0,1,3,1,0,0,0,1,2,0,1,0,0,0,1,0,3,1,1,0,0,0,0,0,0,0,0,0,0,0,0,brown-spot
2,0,2,1,0,3,3,1,1,1,0,1,2,0,1,1,0,0,0,0,0,0,0,0,0,0,0,0,0,0,0,0,0,0,0,brown-spot
3,0,2,1,0,2,3,2,2,1,0,1,2,0,1,0,0,0,1,0,0,3,1,1,0,0,0,0,0,0,0,0,0,0,0,brown-spot
2,1,2,2,1,3,1,1,1,0,1,1,2,0,1,0,0,0,0,0,0,0,0,0,0,0,0,0,0,0,0,0,0,0,0,brown-spot
1,0,2,1,0,2,3,1,2,0,0,1,2,0,1,1,0,0,0,0,0,0,0,0,0,0,0,0,0,0,0,0,0,0,0,brown-spot
1,1,2,1,0,2,3,1,0,2,0,1,2,0,1,1,0,0,0,0,0,0,0,0,0,0,0,0,0,0,0,0,0,0,0,brown-spot
5,0,2,1,0,1,3,1,0,0,0,1,2,0,1,1,0,0,1,0,3,1,1,0,0,0,0,0,0,0,0,0,0,0,0,brown-spot
4,1,1,1,1,2,2,0,0,2,0,1,2,0,1,0,0,0,1,0,3,1,1,0,0,0,0,0,1,0,0,0,0,0,0,brown-spot
3,1,2,1,0,1,3,1,0,2,0,1,2,0,1,1,0,0,1,0,3,1,1,0,0,0,0,0,0,0,0,0,0,0,0,brown-spot
1,0,2,1,0,3,3,1,0,0,0,1,2,0,1,0,0,0,0,0,0,0,0,0,0,0,0,0,0,0,0,0,0,0,0,brown-spot
4,0,2,1,0,2,3,2,1,1,0,1,2,0,1,0,0,0,1,0,0,3,1,1,0,0,0,0,0,0,0,0,0,0,0,brown-spot
2,1,2,1,0,2,3,1,0,2,0,1,2,0,1,0,0,0,0,0,0,0,0,0,0,0,0,0,0,0,0,0,0,0,0,brown-spot
2,1,1,1,1,0,0,1,1,0,0,1,2,0,1,0,0,0,0,0,0,0,0,0,0,0,0,0,0,0,0,0,0,0,0,brown-spot
3,1,2,1,0,3,1,1,0,2,0,1,2,0,1,0,0,0,1,0,3,1,1,0,0,0,0,0,0,0,0,0,0,0,0,brown-spot
3,0,2,1,0,3,3,2,2,0,0,1,2,0,1,0,0,0,1,0,0,3,1,1,0,0,0,0,0,0,0,0,0,0,0,brown-spot
2,0,2,1,0,2,2,1,0,1,0,1,2,0,1,0,0,0,1,0,3,1,1,0,0,0,0,0,0,0,0,0,0,0,0,brown-spot
3,0,2,1,0,3,1,1,0,0,0,1,2,0,1,1,0,0,0,0,0,0,0,0,0,0,0,0,0,0,0,0,0,0,0,brown-spot
3,1,2,1,0,3,1,1,0,2,0,1,2,0,1,1,0,0,1,0,3,1,1,0,0,0,0,0,0,0,0,0,0,0,0,brown-spot
2,1,2,1,0,3,3,2,2,2,0,1,2,0,1,1,0,0,0,0,0,0,0,0,0,0,0,0,0,0,0,0,0,0,0,brown-spot
5,1,2,1,0,3,3,2,0,2,0,1,2,0,1,0,0,0,1,0,0,3,1,1,0,0,0,0,0,0,0,0,0,0,0,brown-spot
5,0,2,1,1,3,3,1,1,0,0,1,2,0,0,1,0,0,0,0,0,0,0,0,0,0,0,0,0,0,0,0,0,0,0,bacterial-blight
4,0,2,2,1,2,3,1,1,1,0,1,2,0,0,1,0,0,0,0,0,0,0,0,0,0,0,0,0,0,0,0,0,0,0,bacterial-blight
2,0,1,1,0,0,0,0,0,0,0,1,1,0,0,0,0,0,0,0,0,0,0,0,0,0,0,0,0,0,0,0,0,0,0,bacterial-blight
3,0,1,1,0,1,2,0,0,0,0,1,1,0,0,1,0,0,0,0,0,0,0,0,0,0,0,0,0,0,0,0,0,0,0,bacterial-blight
3,0,1,1,0,3,2,0,0,0,0,1,1,0,0,1,1,0,0,0,0,0,0,0,0,0,0,0,0,0,0,0,0,0,0,bacterial-blight
3,0,2,1,1,2,1,1,1,0,0,1,2,0,0,1,0,0,0,0,0,0,0,0,0,0,0,0,0,0,0,0,0,0,0,bacterial-blight
3,0,1,1,0,1,0,0,0,1,0,1,1,0,0,1,0,0,0,0,0,0,0,0,0,0,0,0,0,0,0,0,0,0,0,bacterial-blight
4,0,2,1,1,0,3,1,1,1,0,1,2,0,0,1,0,0,0,0,0,0,0,0,0,0,0,0,0,0,0,0,0,0,0,bacterial-blight
2,0,1,1,0,3,1,0,0,0,0,1,1,0,0,1,0,0,0,0,0,0,0,0,0,0,0,0,0,0,0,0,0,0,0,bacterial-blight
4,1,2,2,1,2,1,1,1,2,0,1,2,0,0,1,0,0,0,0,0,0,0,0,0,0,0,0,0,0,0,0,0,0,0,bacterial-blight
2,1,1,2,0,2,2,0,0,2,0,1,1,1,0,0,0,0,0,0,0,0,0,0,0,0,0,0,0,0,0,0,0,0,2,bacterial-pustule
3,0,2,0,1,2,3,1,1,1,1,1,2,1,0,1,0,0,0,0,0,0,0,0,0,0,0,0,0,1,1,1,0,0,0,bacterial-pustule
2,0,1,0,0,0,0,0,0,0,0,1,1,1,0,0,0,0,0,0,0,0,0,0,0,0,0,0,0,0,0,0,0,0,0,bacterial-pustule
4,1,2,1,0,3,0,1,0,2,0,1,1,0,0,1,1,0,0,0,0,0,0,0,0,0,0,0,0,0,0,0,1,0,1,bacterial-pustule
3,0,2,1,1,1,1,1,0,1,0,1,1,1,0,1,0,0,0,0,0,0,0,0,0,0,0,0,0,1,1,1,1,0,1,bacterial-pustule
3,1,1,0,0,2,0,0,0,2,0,1,2,1,0,0,0,0,0,0,0,0,0,0,0,0,0,0,0,0,0,0,0,0,1,bacterial-pustule
3,0,1,1,1,2,3,0,0,1,1,1,1,1,0,1,0,0,0,0,0,0,0,0,0,0,0,0,0,1,1,1,1,0,0,bacterial-pustule
3,1,2,1,0,0,2,1,0,2,0,1,1,1,0,1,0,0,0,0,0,0,0,0,0,0,0,0,0,0,0,0,1,0,1,bacterial-pustule
4,0,1,1,1,1,3,0,0,1,0,1,1,1,0,1,0,0,0,0,0,0,0,0,0,0,0,0,0,1,1,1,1,0,0,bacterial-pustule
5,1,1,1,0,2,0,0,1,2,0,1,1,1,0,1,0,0,0,0,0,0,0,0,0,0,0,0,0,0,0,0,0,0,1,bacterial-pustule
6,0,2,0,1,2,2,0,0,0,0,0,0,2,2,0,0,0,1,1,0,3,0,0,0,0,0,1,1,1,0,1,0,0,0,purple-seed-stain
6,0,2,0,0,2,2,0,1,1,0,1,2,0,0,0,0,0,1,0,0,3,0,0,0,0,0,1,1,1,0,1,0,0,0,purple-seed-stain
4,0,2,1,1,1,1,0,1,2,0,0,0,2,2,0,0,0,0,0,0,3,0,0,0,0,0,0,0,1,0,1,0,0,0,purple-seed-stain
4,0,2,1,1,0,0,0,0,1,0,1,2,0,0,0,0,0,0,1,0,3,0,0,0,0,0,0,0,1,0,1,0,0,0,purple-seed-stain
4,0,2,0,0,0,0,0,0,2,0,1,2,0,0,0,0,0,0,0,0,3,0,0,0,0,0,0,0,1,0,1,0,0,0,purple-seed-stain
6,0,2,2,0,2,2,0,0,1,0,1,2,0,0,0,0,0,1,0,0,3,0,0,0,0,0,1,1,1,0,1,0,0,0,purple-seed-stain
3,0,2,0,1,0,0,0,0,1,0,0,0,2,2,0,0,0,0,1,0,3,0,0,0,0,0,0,0,1,0,1,0,0,0,purple-seed-stain
3,0,2,1,1,3,3,0,1,1,0,0,0,2,2,0,0,0,0,0,0,3,0,0,0,0,0,0,0,1,0,1,0,0,0,purple-seed-stain
5,0,2,1,0,1,1,0,0,0,0,1,2,0,0,0,0,0,1,0,0,3,0,0,0,0,0,1,1,1,0,1,0,0,0,purple-seed-stain
4,0,2,1,0,0,0,0,1,1,0,0,0,2,2,0,0,0,1,0,0,3,0,0,0,0,0,0,0,1,0,1,0,0,0,purple-seed-stain
5,1,2,1,0,3,3,1,1,0,0,0,0,2,2,0,0,0,1,0,3,2,0,0,0,0,0,1,2,0,0,0,0,0,0,anthracnose
5,1,2,2,1,2,2,0,1,2,0,1,0,2,2,0,0,0,1,0,3,1,1,1,0,0,0,1,2,1,1,1,0,1,0,anthracnose
6,0,2,1,0,1,1,1,1,1,0,0,0,2,2,0,0,0,1,0,3,2,1,0,0,0,0,1,2,1,1,0,1,1,0,anthracnose
2,1,2,2,1,0,0,1,0,0,1,1,0,2,2,0,0,0,1,0,2,1,0,1,0,0,0,0,0,0,0,0,0,0,0,anthracnose
3,0,2,1,0,3,3,1,0,0,1,1,0,2,2,0,0,0,1,0,3,2,1,1,0,0,0,1,2,1,1,1,0,0,0,anthracnose
4,1,2,2,1,2,2,1,0,1,1,1,0,2,2,0,0,0,1,0,3,1,1,1,0,0,0,1,2,0,0,0,0,0,0,anthracnose
6,0,2,1,0,2,2,1,0,1,0,0,0,2,2,0,0,0,1,0,3,2,1,0,0,0,0,1,2,1,1,0,1,1,0,anthracnose
1,0,2,1,0,1,1,1,1,1,1,1,0,2,2,0,0,0,1,0,2,2,0,1,0,0,0,0,0,1,0,1,0,0,0,anthracnose
6,1,2,1,0,2,2,1,1,1,0,0,0,2,2,0,0,0,1,0,3,2,1,0,0,0,0,1,2,1,1,0,1,1,0,anthracnose
5,0,2,1,0,1,1,1,2,2,1,1,0,2,2,0,0,0,1,0,3,2,1,1,0,0,0,1,2,1,1,1,0,0,0,anthracnose
5,1,2,2,1,3,3,0,1,2,1,1,0,2,2,0,0,0,1,1,3,2,1,1,0,0,0,1,2,0,0,0,0,0,0,anthracnose
0,0,2,1,0,3,3,1,1,2,1,1,0,2,2,0,0,0,1,0,2,2,0,1,0,0,0,0,0,1,1,0,1,0,0,anthracnose
6,0,2,1,0,2,2,0,0,0,1,1,0,2,2,0,0,0,1,0,3,1,1,1,0,0,0,1,2,1,0,1,1,1,0,anthracnose
5,1,2,1,0,1,1,1,0,1,0,0,0,2,2,0,0,0,1,0,3,2,0,0,0,0,0,1,2,1,1,0,1,1,0,anthracnose
5,0,2,1,0,2,2,1,0,2,0,0,0,2,2,0,0,0,1,0,3,2,1,0,0,0,0,1,2,0,0,0,0,0,0,anthracnose
6,1,2,2,1,0,0,1,0,1,0,1,0,2,2,0,0,0,1,0,3,1,1,1,0,0,0,1,2,0,0,0,0,0,0,anthracnose
5,0,2,1,0,1,1,1,0,0,0,0,0,2,2,0,0,0,1,0,3,2,1,0,0,0,0,1,2,1,1,0,1,1,0,anthracnose
6,1,2,2,1,3,3,0,2,1,0,1,0,2,2,0,0,0,1,1,3,2,1,1,0,0,0,1,2,0,0,0,0,0,0,anthracnose
5,1,2,1,0,3,3,1,0,1,0,0,0,2,2,0,0,0,1,0,3,2,0,0,0,0,0,1,2,1,1,0,1,1,0,anthracnose
5,1,2,1,0,2,2,1,1,1,0,0,0,2,2,0,0,0,1,0,3,2,0,0,0,0,0,1,2,1,1,0,1,1,0,anthracnose
3,1,1,1,0,0,2,0,0,2,0,1,2,0,1,0,0,0,0,0,0,0,0,0,0,0,0,0,0,0,0,0,0,0,0,phyllosticta-leaf-spot
3,0,0,1,1,0,2,0,0,1,0,1,2,0,1,0,1,0,0,0,0,0,0,0,0,0,0,0,0,0,0,0,0,0,0,phyllosticta-leaf-spot
3,1,1,1,0,0,0,0,0,0,0,1,2,0,1,0,0,0,0,0,0,0,0,0,0,0,0,0,0,0,0,0,0,0,0,phyllosticta-leaf-spot
3,0,0,1,1,2,0,0,0,0,0,1,2,0,1,0,0,0,0,0,0,0,0,0,0,0,0,0,0,0,0,0,0,0,0,phyllosticta-leaf-spot
3,1,1,2,0,3,2,0,1,1,0,1,2,0,1,1,1,0,0,0,0,0,0,0,0,0,0,0,0,0,0,0,0,0,0,phyllosticta-leaf-spot
2,0,0,1,1,0,3,0,2,2,0,1,2,0,1,0,0,0,0,0,0,0,0,0,0,0,0,0,0,0,0,0,0,0,0,phyllosticta-leaf-spot
1,0,0,2,1,3,2,1,1,1,0,1,2,0,1,1,1,0,0,0,0,0,0,0,0,0,0,0,0,0,0,0,0,0,0,phyllosticta-leaf-spot
2,1,1,1,0,2,2,1,1,1,0,1,2,0,1,0,1,0,0,0,0,0,0,0,0,0,0,0,0,0,0,0,0,0,0,phyllosticta-leaf-spot
2,0,0,2,1,3,0,1,1,0,1,1,2,0,1,1,0,0,0,0,0,0,0,0,0,0,0,0,0,0,0,0,0,0,0,phyllosticta-leaf-spot
2,1,1,2,0,3,3,0,2,2,0,1,2,0,1,1,0,0,0,0,0,0,0,0,0,0,0,0,0,0,0,0,0,0,0,phyllosticta-leaf-spot
4,1,2,1,0,1,1,1,1,2,0,1,2,0,1,0,0,0,0,0,0,0,0,0,0,0,0,0,0,0,0,0,0,0,0,alternarialeaf-spot
4,0,1,1,0,3,3,1,0,1,0,1,2,0,1,0,0,0,0,0,0,0,0,0,0,0,0,0,0,0,0,0,0,0,0,alternarialeaf-spot
3,0,2,1,0,0,0,1,0,1,0,1,2,0,1,0,0,0,0,0,0,0,0,0,0,0,0,0,0,0,0,0,0,0,0,alternarialeaf-spot
6,0,2,2,0,3,3,0,1,1,0,1,2,0,1,0,0,0,0,0,0,0,0,0,0,0,0,0,0,0,0,0,0,0,0,alternarialeaf-spot
6,0,1,1,1,2,2,0,2,2,0,1,2,0,1,0,0,0,0,0,0,0,0,0,0,0,0,0,0,1,0,1,0,0,0,alternarialeaf-spot
5,0,2,2,0,3,3,1,0,1,0,1,2,0,1,0,0,0,0,0,0,0,0,0,0,0,0,0,0,0,0,0,0,0,0,alternarialeaf-spot
6,0,1,1,0,3,3,0,1,1,0,1,2,0,1,0,0,0,0,0,0,0,0,0,0,0,0,0,0,0,0,0,0,0,0,alternarialeaf-spot
5,1,2,2,0,3,1,0,0,2,0,1,2,0,1,0,0,0,0,0,0,0,0,0,0,0,0,0,0,0,0,0,0,0,0,alternarialeaf-spot
6,0,2,2,0,3,3,0,1,1,0,1,2,0,1,0,0,0,0,0,0,0,0,0,0,0,0,0,0,0,0,0,0,0,0,alternarialeaf-spot
6,0,2,2,0,3,2,1,1,0,0,1,2,0,1,0,0,0,0,0,0,0,0,0,0,0,0,0,0,0,0,0,0,0,0,alternarialeaf-spot
5,0,2,2,0,2,3,0,0,1,0,1,2,0,1,0,0,0,0,0,0,0,0,0,0,0,0,0,0,0,0,0,0,0,0,alternarialeaf-spot
4,1,2,1,0,3,0,1,1,2,0,1,2,0,1,0,0,0,0,0,0,0,0,0,0,0,0,0,0,0,0,0,0,0,0,alternarialeaf-spot
6,0,2,1,0,1,1,0,1,0,0,1,2,0,1,1,0,0,0,0,0,0,0,0,0,0,0,0,0,0,0,0,0,0,0,alternarialeaf-spot
5,0,2,2,0,2,2,1,0,0,0,1,2,0,1,0,0,0,0,0,0,0,0,0,0,0,0,0,0,0,0,0,0,0,0,alternarialeaf-spot
5,1,2,1,0,0,0,0,0,2,0,1,2,0,1,0,0,0,0,0,0,0,0,0,0,0,0,0,0,0,0,0,0,0,0,alternarialeaf-spot
4,0,2,1,0,2,2,0,0,1,0,1,2,0,1,0,0,0,0,0,0,0,0,0,0,0,0,0,0,0,0,0,0,0,0,alternarialeaf-spot
4,0,2,1,0,1,1,1,1,1,0,1,2,0,1,1,0,0,0,0,0,0,0,0,0,0,0,0,0,0,0,0,0,0,0,alternarialeaf-spot
5,0,2,1,0,2,1,0,0,0,0,1,2,0,1,0,0,0,0,0,0,0,0,0,0,0,0,0,0,0,0,0,0,0,0,alternarialeaf-spot
6,0,2,2,0,3,2,0,1,0,0,1,2,0,1,0,0,0,0,0,0,0,0,0,0,0,0,0,0,0,0,0,0,0,0,alternarialeaf-spot
6,1,2,2,0,1,1,0,1,2,0,1,2,0,1,0,0,0,0,0,0,0,0,0,0,0,0,0,0,0,0,0,0,0,0,alternarialeaf-spot
5,1,2,2,0,3,1,1,0,2,0,1,2,0,1,0,0,0,0,0,0,0,0,0,0,0,0,0,0,0,0,0,0,0,0,alternarialeaf-spot
5,1,2,2,0,3,3,1,1,1,0,1,2,0,1,0,0,0,0,0,0,0,0,0,0,0,0,0,0,0,0,0,0,0,0,alternarialeaf-spot
4,1,2,1,0,2,1,0,0,2,0,1,2,0,1,1,0,0,0,0,0,0,0,0,0,0,0,0,0,0,0,0,0,0,0,alternarialeaf-spot
6,1,1,2,0,2,2,0,2,0,0,1,2,0,1,0,0,0,0,0,0,0,0,0,0,0,0,0,0,1,0,1,0,0,0,alternarialeaf-spot
4,1,2,1,0,1,2,1,1,2,0,1,2,0,1,0,0,0,0,0,0,0,0,0,0,0,0,0,0,0,0,0,0,0,0,alternarialeaf-spot
6,1,2,2,0,2,1,0,1,2,0,1,2,0,1,0,0,0,0,0,0,0,0,0,0,0,0,0,0,0,0,0,0,0,0,alternarialeaf-spot
4,1,2,1,0,0,3,0,0,2,0,1,2,0,1,0,0,0,0,0,0,0,0,0,0,0,0,0,0,0,0,0,0,0,0,alternarialeaf-spot
4,0,2,2,0,3,3,1,0,0,0,1,2,0,1,0,0,0,0,0,0,0,0,0,0,0,0,0,0,0,0,0,0,0,0,alternarialeaf-spot
5,0,2,2,0,2,3,1,0,1,0,1,2,0,1,0,0,0,0,0,0,0,0,0,0,0,0,0,0,0,0,0,0,0,0,alternarialeaf-spot
3,0,2,1,0,0,0,1,0,0,0,1,2,0,1,0,0,0,0,0,0,0,0,0,0,0,0,0,0,0,0,0,0,0,0,alternarialeaf-spot
5,0,2,1,0,1,2,0,1,0,0,1,2,0,1,1,0,0,0,0,0,0,0,0,0,0,0,0,0,0,0,0,0,0,0,alternarialeaf-spot
5,0,2,2,0,1,1,0,1,1,0,1,2,0,1,0,0,0,0,0,0,0,0,0,0,0,0,0,0,0,0,0,0,0,0,alternarialeaf-spot
4,0,2,2,0,1,1,1,0,2,0,1,2,0,1,0,0,0,0,0,0,0,0,0,0,0,0,0,0,0,0,0,0,0,0,alternarialeaf-spot
5,1,2,1,0,3,3,0,1,2,0,1,2,0,1,1,0,0,0,0,0,0,0,0,0,0,0,0,0,0,0,0,0,0,0,alternarialeaf-spot
6,0,2,1,0,2,1,0,0,1,0,1,2,0,1,1,0,0,0,0,0,0,0,0,0,0,0,0,0,0,0,0,0,0,0,alternarialeaf-spot
5,0,2,1,0,0,3,0,0,0,0,1,2,0,1,0,0,0,0,0,0,0,0,0,0,0,0,0,0,0,0,0,0,0,0,alternarialeaf-spot
6,0,2,1,0,0,3,0,0,1,0,1,2,0,1,0,0,0,0,0,0,0,0,0,0,0,0,0,0,0,0,0,0,0,0,alternarialeaf-spot
5,1,2,2,0,2,1,1,0,2,0,1,2,0,1,0,0,0,0,0,0,0,0,0,0,0,0,0,0,0,0,0,0,0,0,alternarialeaf-spot
5,0,2,1,0,3,0,0,1,0,0,1,2,0,1,1,0,0,0,0,0,0,0,0,0,0,0,0,0,0,0,0,0,0,0,alternarialeaf-spot
6,0,2,1,0,1,2,0,1,1,0,1,2,0,1,1,0,0,0,0,0,0,0,0,0,0,0,0,0,0,0,0,0,0,0,alternarialeaf-spot
6,0,1,2,0,3,3,0,0,0,0,1,2,0,1,0,0,0,1,0,3,2,1,1,0,0,0,1,2,1,0,0,0,0,0,frog-eye-leaf-spot
4,0,1,2,0,1,1,0,1,1,0,1,2,0,1,0,0,0,0,0,0,0,0,0,0,0,0,0,0,0,0,0,0,0,0,frog-eye-leaf-spot
5,0,1,1,0,2,1,0,0,0,0,1,2,0,1,0,0,0,1,0,3,1,0,1,0,0,0,0,0,0,0,0,0,0,0,frog-eye-leaf-spot
5,1,2,1,0,3,2,0,0,2,0,1,2,0,1,0,0,0,0,0,0,0,0,0,0,0,0,0,0,0,0,0,0,0,0,frog-eye-leaf-spot
6,1,2,2,0,3,3,0,1,2,0,1,2,0,1,0,0,0,1,0,3,2,0,1,0,0,0,1,1,0,0,0,0,0,0,frog-eye-leaf-spot
4,0,1,1,0,3,3,1,1,0,0,1,2,0,1,0,0,0,0,0,0,0,0,0,0,0,0,0,0,0,0,0,0,0,0,frog-eye-leaf-spot
3,0,2,1,0,2,3,0,1,1,0,1,2,0,1,0,0,0,1,0,3,2,0,1,0,0,0,1,1,0,0,0,0,0,0,frog-eye-leaf-spot
5,0,2,2,0,2,2,0,0,1,0,1,2,0,1,0,0,0,1,0,3,2,0,1,0,0,0,1,1,0,0,0,0,0,0,frog-eye-leaf-spot
5,0,2,1,0,1,1,1,1,0,0,1,2,0,1,0,0,0,0,0,0,0,0,0,0,0,0,0,0,0,0,0,0,0,0,frog-eye-leaf-spot
5,0,2,2,0,2,3,0,1,1,0,1,2,0,1,0,0,0,1,0,3,2,0,1,0,0,0,1,1,0,0,0,0,0,0,frog-eye-leaf-spot
5,0,2,1,0,0,1,0,1,1,0,1,2,0,1,0,0,0,1,0,3,2,0,1,0,0,0,1,1,0,0,0,0,0,0,frog-eye-leaf-spot
4,0,2,1,0,2,3,0,1,0,0,1,2,0,1,0,0,0,0,0,0,0,0,0,0,0,0,0,0,0,0,0,0,0,0,frog-eye-leaf-spot
4,0,2,2,0,1,1,1,1,0,0,1,2,0,1,0,0,0,1,0,3,2,0,1,0,0,0,1,1,0,0,0,0,0,0,frog-eye-leaf-spot
4,0,2,1,0,2,1,1,1,1,0,1,2,0,1,0,0,0,1,0,3,1,0,1,0,0,0,1,1,0,0,0,0,0,0,frog-eye-leaf-spot
3,1,2,1,0,3,2,1,0,2,0,1,2,0,1,0,0,0,1,0,3,2,0,1,0,0,0,1,1,0,0,0,0,0,0,frog-eye-leaf-spot
5,0,2,1,0,3,0,1,0,1,0,1,2,0,1,0,0,0,1,0,3,1,0,1,0,0,0,1,1,0,0,0,0,0,0,frog-eye-leaf-spot
5,0,2,2,0,1,1,0,1,0,0,1,2,0,1,0,0,0,1,0,3,2,0,1,0,0,0,1,1,0,0,0,0,0,0,frog-eye-leaf-spot
4,0,2,2,0,1,2,1,0,0,0,1,2,0,1,0,0,0,1,0,3,2,0,1,0,0,0,1,1,0,0,0,0,0,0,frog-eye-leaf-spot
5,0,2,2,0,2,1,0,1,1,0,1,2,0,1,0,0,0,1,0,3,2,0,1,0,0,0,1,1,0,0,0,0,0,0,frog-eye-leaf-spot
5,0,2,1,0,3,0,1,0,0,0,1,2,0,1,0,0,0,1,0,3,1,0,1,0,0,0,1,1,0,0,0,0,0,0,frog-eye-leaf-spot
3,0,2,1,0,1,2,1,0,1,0,1,2,0,1,0,0,0,0,0,0,0,0,0,0,0,0,0,0,0,0,0,0,0,0,frog-eye-leaf-spot
6,0,1,2,0,3,3,0,1,0,0,1,2,0,1,0,0,0,1,0,3,2,1,0,0,0,0,1,2,1,0,1,1,1,0,frog-eye-leaf-spot
5,0,1,1,0,1,3,1,2,0,0,1,2,0,1,0,0,0,1,0,3,0,1,0,0,0,0,1,1,0,0,0,0,0,0,frog-eye-leaf-spot
5,0,2,1,0,3,2,1,0,0,0,1,2,0,1,0,0,0,1,0,3,1,0,1,0,0,0,1,1,0,0,0,0,0,0,frog-eye-leaf-spot
5,1,2,1,0,3,3,0,1,2,0,1,2,0,1,0,0,0,0,0,0,0,0,0,0,0,0,0,0,0,0,0,0,0,0,frog-eye-leaf-spot
3,1,2,1,0,3,0,1,0,2,0,1,2,0,1,0,0,0,0,0,0,0,0,0,0,0,0,0,0,0,0,0,0,0,0,frog-eye-leaf-spot
6,1,2,2,0,3,1,0,1,2,0,1,2,0,1,0,0,0,1,0,3,2,0,1,0,0,0,1,1,0,0,0,0,0,0,frog-eye-leaf-spot
4,0,2,1,0,1,2,1,0,1,0,1,2,0,1,0,0,0,0,0,0,0,0,0,0,0,0,0,0,0,0,0,0,0,0,frog-eye-leaf-spot
4,0,2,2,0,1,0,1,0,0,0,1,2,0,1,0,0,0,1,0,3,2,0,1,0,0,0,1,1,0,0,0,0,0,0,frog-eye-leaf-spot
6,1,2,2,0,3,0,0,0,2,0,1,2,0,1,0,0,0,1,0,3,2,0,1,0,0,0,1,1,0,0,0,0,0,0,frog-eye-leaf-spot
5,1,2,2,0,3,3,0,1,2,0,1,2,0,1,0,0,0,1,0,3,2,0,1,0,0,0,1,1,0,0,0,0,0,0,frog-eye-leaf-spot
4,0,2,1,0,0,1,1,1,0,0,1,2,0,1,0,0,0,0,0,0,0,0,0,0,0,0,0,0,0,0,0,0,0,0,frog-eye-leaf-spot
4,0,2,1,0,2,3,1,1,1,0,1,2,0,1,0,0,0,1,0,3,1,0,1,0,0,0,1,1,0,0,0,0,0,0,frog-eye-leaf-spot
4,1,1,2,0,1,1,0,2,2,1,1,2,0,1,0,0,0,0,0,0,0,0,0,0,0,0,0,0,0,0,0,0,0,0,frog-eye-leaf-spot
4,0,2,1,0,2,0,0,0,1,0,1,2,0,1,0,0,0,0,0,0,0,0,0,0,0,0,0,0,0,0,0,0,0,0,frog-eye-leaf-spot
5,1,2,1,0,1,2,1,0,2,0,1,2,0,1,0,0,0,0,0,0,0,0,0,0,0,0,0,0,0,0,0,0,0,0,frog-eye-leaf-spot
4,0,2,2,0,1,3,1,1,0,0,1,2,0,1,0,0,0,1,0,3,2,0,1,0,0,0,1,1,0,0,0,0,0,0,frog-eye-leaf-spot
5,0,2,1,0,1,2,0,0,0,0,1,2,0,1,0,0,0,1,0,3,2,0,1,0,0,0,1,1,0,0,0,0,0,0,frog-eye-leaf-spot
5,0,2,2,0,2,0,0,0,1,0,1,2,0,1,0,0,0,1,0,3,2,0,1,0,0,0,1,1,0,0,0,0,0,0,frog-eye-leaf-spot
5,1,2,1,0,2,3,0,1,2,0,1,2,0,1,0,0,0,1,0,3,2,0,1,0,0,0,1,1,0,0,0,0,0,0,frog-eye-leaf-spot
5,0,2,2,NaN,3,3,NaN,NaN,0,0,0,NaN,NaN,NaN,NaN,NaN,NaN,1,NaN,0,0,1,0,0,0,0,1,2,0,1,1,1,1,NaN,diaporthe-pod-&-stem-blight
6,0,2,2,NaN,2,3,NaN,NaN,1,0,0,NaN,NaN,NaN,NaN,NaN,NaN,1,NaN,0,0,1,0,0,0,0,1,2,1,1,1,1,1,NaN,diaporthe-pod-&-stem-blight
5,0,2,2,NaN,3,3,NaN,NaN,0,0,0,NaN,NaN,NaN,NaN,NaN,NaN,1,NaN,0,0,1,0,0,0,0,1,2,1,1,1,1,1,NaN,diaporthe-pod-&-stem-blight
1,1,1,2,NaN,3,0,NaN,NaN,2,0,0,NaN,NaN,NaN,NaN,NaN,NaN,1,NaN,0,0,1,0,0,0,0,1,2,0,1,1,1,1,NaN,diaporthe-pod-&-stem-blight
5,NaN,2,2,NaN,2,3,NaN,NaN,NaN,0,0,NaN,NaN,NaN,NaN,NaN,NaN,1,NaN,0,0,1,0,0,0,0,1,2,1,1,1,1,1,NaN,diaporthe-pod-&-stem-blight
5,0,2,2,NaN,2,3,NaN,NaN,0,0,0,NaN,NaN,NaN,NaN,NaN,NaN,1,NaN,0,0,1,0,0,0,0,1,2,1,1,1,1,1,NaN,diaporthe-pod-&-stem-blight
2,NaN,NaN,NaN,NaN,2,1,NaN,NaN,NaN,1,1,NaN,NaN,NaN,NaN,NaN,NaN,0,NaN,NaN,NaN,NaN,NaN,NaN,NaN,NaN,2,NaN,1,0,NaN,1,NaN,2,cyst-nematode
3,NaN,NaN,NaN,NaN,3,2,NaN,NaN,NaN,1,1,NaN,NaN,NaN,NaN,NaN,NaN,0,NaN,NaN,NaN,NaN,NaN,NaN,NaN,NaN,2,NaN,1,0,NaN,1,NaN,2,cyst-nematode
4,NaN,NaN,NaN,NaN,3,2,NaN,NaN,NaN,1,1,NaN,NaN,NaN,NaN,NaN,NaN,0,NaN,NaN,NaN,NaN,NaN,NaN,NaN,NaN,2,NaN,1,0,NaN,1,NaN,2,cyst-nematode
3,NaN,NaN,NaN,NaN,2,1,NaN,NaN,NaN,1,1,NaN,NaN,NaN,NaN,NaN,NaN,0,NaN,NaN,NaN,NaN,NaN,NaN,NaN,NaN,2,NaN,1,0,NaN,1,NaN,2,cyst-nematode
3,NaN,NaN,NaN,NaN,2,1,NaN,NaN,NaN,1,1,NaN,NaN,NaN,NaN,NaN,NaN,0,NaN,NaN,NaN,NaN,NaN,NaN,NaN,NaN,2,NaN,1,0,NaN,1,NaN,2,cyst-nematode
4,NaN,NaN,NaN,NaN,2,1,NaN,NaN,NaN,1,1,NaN,NaN,NaN,NaN,NaN,NaN,0,NaN,NaN,NaN,NaN,NaN,NaN,NaN,NaN,2,NaN,1,0,NaN,1,NaN,2,cyst-nematode
NaN,NaN,NaN,NaN,NaN,NaN,NaN,NaN,NaN,NaN,NaN,1,0,2,2,NaN,1,NaN,NaN,NaN,NaN,NaN,NaN,NaN,NaN,NaN,NaN,NaN,NaN,NaN,NaN,NaN,NaN,NaN,NaN,2-4-d-injury
1,1,NaN,0,NaN,1,0,NaN,NaN,NaN,1,1,2,1,1,0,1,NaN,1,NaN,NaN,NaN,NaN,NaN,NaN,NaN,NaN,3,NaN,NaN,NaN,NaN,NaN,NaN,1,herbicide-injury
0,1,NaN,0,NaN,0,3,NaN,NaN,NaN,1,1,0,2,2,0,1,NaN,1,NaN,NaN,NaN,NaN,NaN,NaN,NaN,NaN,3,NaN,NaN,NaN,NaN,NaN,NaN,1,herbicide-injury
1,1,NaN,0,NaN,0,0,NaN,NaN,NaN,1,1,0,2,2,0,1,NaN,1,NaN,NaN,NaN,NaN,NaN,NaN,NaN,NaN,3,NaN,NaN,NaN,NaN,NaN,NaN,1,herbicide-injury
1,1,NaN,0,NaN,1,3,NaN,NaN,NaN,1,1,2,1,1,0,1,NaN,1,NaN,NaN,NaN,NaN,NaN,NaN,NaN,NaN,3,NaN,NaN,NaN,NaN,NaN,NaN,1,herbicide-injury
6,0,2,1,0,1,0,1,0,2,1,1,0,2,2,0,0,0,1,0,3,1,1,1,0,0,0,0,4,0,0,0,0,0,0,diaporthe-stem-canker
3,0,2,1,0,2,0,2,1,1,1,1,0,2,2,0,0,0,1,0,3,0,1,1,0,0,0,0,4,0,0,0,0,0,0,diaporthe-stem-canker
4,0,2,1,0,3,0,2,0,2,1,1,0,2,2,0,0,0,1,0,3,1,1,1,0,0,0,0,4,0,0,0,0,0,0,diaporthe-stem-canker
5,0,2,1,0,1,0,1,0,1,1,1,0,2,2,0,0,0,1,0,3,0,1,1,0,0,0,0,4,0,0,0,0,0,0,diaporthe-stem-canker
3,0,2,1,0,3,0,1,0,1,1,1,0,2,2,0,0,0,1,0,3,0,1,1,0,0,0,0,4,0,0,0,0,0,0,diaporthe-stem-canker
5,0,2,1,0,2,0,1,1,0,1,1,0,2,2,0,0,0,1,0,3,0,1,1,0,0,0,0,4,0,0,0,0,0,0,diaporthe-stem-canker
5,0,2,1,0,3,1,1,1,2,1,1,0,2,2,0,0,0,1,1,3,0,1,1,0,0,0,0,4,0,0,0,0,0,0,diaporthe-stem-canker
3,0,2,1,0,2,1,1,0,1,1,1,0,2,2,0,0,0,1,1,3,0,1,1,0,0,0,0,4,0,0,0,0,0,0,diaporthe-stem-canker
4,0,2,1,0,3,0,1,1,2,1,1,0,2,2,0,0,0,1,1,3,0,1,1,0,0,0,0,4,0,0,0,0,0,0,diaporthe-stem-canker
6,0,2,1,0,3,0,1,1,1,1,1,0,2,2,0,0,0,1,1,3,1,1,1,0,0,0,0,4,0,0,0,0,0,0,diaporthe-stem-canker
4,0,0,1,0,2,3,1,1,1,1,1,0,2,2,0,0,0,1,0,0,3,0,0,0,2,1,0,4,0,0,0,0,0,0,charcoal-rot
5,0,0,2,0,3,2,1,0,2,1,1,0,2,2,0,0,0,1,0,0,3,0,0,0,2,1,0,4,0,0,0,0,0,0,charcoal-rot
4,0,0,2,0,3,3,1,1,1,1,1,0,2,2,0,0,0,1,0,0,3,0,0,0,2,1,0,4,0,0,0,0,0,0,charcoal-rot
5,0,0,2,0,0,2,1,0,2,1,1,0,2,2,0,0,0,1,0,0,3,0,0,0,2,1,0,4,0,0,0,0,0,0,charcoal-rot
5,0,0,2,1,2,2,1,0,2,1,1,0,2,2,0,0,0,1,1,0,3,0,0,0,2,1,0,4,0,0,0,0,0,0,charcoal-rot
3,0,0,2,1,0,2,1,0,1,1,1,0,2,2,0,0,0,1,0,0,3,0,0,0,2,1,0,4,0,0,0,0,0,0,charcoal-rot
4,0,0,2,1,1,3,1,1,2,1,1,0,2,2,0,0,0,1,0,0,3,0,0,0,2,1,0,4,0,0,0,0,0,0,charcoal-rot
5,0,0,2,1,2,2,1,0,0,1,1,0,2,2,0,0,0,1,0,0,3,0,0,0,2,1,0,4,0,0,0,0,0,0,charcoal-rot
6,0,0,2,1,3,3,1,1,1,1,1,0,2,2,0,0,0,1,0,0,3,0,0,0,2,1,0,4,0,0,0,0,0,0,charcoal-rot
6,0,0,2,1,3,3,1,1,0,1,1,0,2,2,0,0,0,1,0,0,3,0,0,0,2,1,0,4,0,0,0,0,0,0,charcoal-rot
0,1,2,0,0,0,1,1,0,1,1,0,0,2,2,0,0,0,1,0,1,1,0,1,0,0,0,3,4,0,0,0,0,0,1,rhizoctonia-root-rot
0,1,2,0,0,3,1,2,0,2,1,0,0,2,2,0,0,0,1,0,1,1,0,1,0,0,0,3,4,0,0,0,0,0,0,rhizoctonia-root-rot
0,1,2,0,0,2,1,1,1,1,1,0,0,2,2,0,0,0,1,0,1,1,0,1,0,0,0,3,4,0,0,0,0,0,0,rhizoctonia-root-rot
2,1,2,0,0,0,1,1,0,1,1,0,0,2,2,0,0,0,1,0,1,1,0,1,0,0,0,3,4,0,0,0,0,0,0,rhizoctonia-root-rot
1,1,2,0,0,2,1,1,0,1,1,0,0,2,2,0,0,0,1,0,1,1,0,1,0,0,0,3,4,0,0,0,0,0,0,rhizoctonia-root-rot
2,1,2,0,0,3,1,2,0,1,1,0,0,2,2,0,0,0,1,0,1,1,0,1,0,0,0,3,4,0,0,0,0,0,0,rhizoctonia-root-rot
2,1,2,0,0,2,1,1,0,2,1,0,0,2,2,0,0,0,1,0,1,1,0,1,1,0,0,3,4,0,0,0,0,0,0,rhizoctonia-root-rot
4,0,2,0,1,0,1,2,0,2,1,1,0,2,2,0,0,0,1,1,1,1,0,1,1,0,0,3,4,0,0,0,0,0,0,rhizoctonia-root-rot
0,1,2,0,0,1,1,1,1,1,1,0,0,2,2,0,0,0,1,0,1,1,0,1,1,0,0,3,4,0,0,0,0,0,0,rhizoctonia-root-rot
2,1,2,0,0,3,1,2,0,2,1,0,0,2,2,0,0,0,1,0,1,1,0,1,1,0,0,3,4,0,0,0,0,0,0,rhizoctonia-root-rot
2,1,1,0,0,3,1,2,0,2,1,1,0,2,2,0,0,0,1,0,1,2,0,0,0,0,0,3,4,0,0,0,0,0,0,phytophthora-rot
1,1,2,0,0,3,1,1,1,2,1,1,0,2,2,0,0,0,1,0,2,2,0,0,0,0,0,3,4,0,0,0,0,0,0,phytophthora-rot
2,1,2,1,1,3,1,2,1,2,1,1,0,2,2,0,0,0,1,0,2,2,0,1,0,0,0,3,4,0,0,0,0,0,0,phytophthora-rot
1,1,2,1,1,2,3,1,1,1,1,1,0,2,2,0,0,0,1,0,2,2,0,1,0,0,0,3,4,0,0,0,0,0,0,phytophthora-rot
3,1,1,1,NaN,2,1,NaN,NaN,NaN,1,1,0,2,2,0,0,0,1,NaN,3,2,NaN,0,0,0,0,NaN,NaN,NaN,NaN,NaN,NaN,NaN,1,phytophthora-rot
3,1,1,1,NaN,3,1,NaN,NaN,NaN,1,1,0,2,2,0,0,0,1,NaN,2,2,NaN,0,0,0,0,NaN,NaN,NaN,NaN,NaN,NaN,NaN,1,phytophthora-rot
0,1,2,2,NaN,3,1,NaN,NaN,NaN,1,1,NaN,NaN,NaN,NaN,NaN,NaN,1,NaN,3,2,NaN,0,0,0,0,NaN,NaN,NaN,NaN,NaN,NaN,NaN,1,phytophthora-rot
1,1,2,1,NaN,2,1,NaN,NaN,NaN,1,1,NaN,NaN,NaN,NaN,NaN,NaN,1,NaN,1,2,NaN,0,0,0,0,NaN,NaN,NaN,NaN,NaN,NaN,NaN,1,phytophthora-rot
1,1,2,1,NaN,0,1,NaN,NaN,NaN,1,1,NaN,NaN,NaN,NaN,NaN,NaN,1,NaN,0,2,NaN,2,0,0,0,NaN,NaN,NaN,NaN,NaN,NaN,NaN,1,phytophthora-rot
4,1,1,2,NaN,3,1,NaN,NaN,NaN,1,1,NaN,NaN,NaN,NaN,NaN,NaN,1,NaN,3,2,NaN,0,0,0,0,NaN,NaN,NaN,NaN,NaN,NaN,NaN,1,phytophthora-rot
1,1,2,2,NaN,2,1,NaN,NaN,NaN,1,1,NaN,NaN,NaN,NaN,NaN,NaN,1,NaN,1,2,NaN,2,0,0,0,NaN,NaN,NaN,NaN,NaN,NaN,NaN,1,phytophthora-rot
2,1,2,1,NaN,3,1,NaN,NaN,NaN,1,1,NaN,NaN,NaN,NaN,NaN,NaN,1,NaN,1,2,NaN,0,0,0,0,NaN,NaN,NaN,NaN,NaN,NaN,NaN,1,phytophthora-rot
3,1,2,2,NaN,2,1,NaN,NaN,NaN,1,1,NaN,NaN,NaN,NaN,NaN,NaN,1,NaN,3,2,NaN,0,0,0,0,NaN,NaN,NaN,NaN,NaN,NaN,NaN,1,phytophthora-rot
4,1,1,1,NaN,3,1,NaN,NaN,NaN,1,1,NaN,NaN,NaN,NaN,NaN,NaN,1,NaN,3,2,NaN,0,0,0,0,NaN,NaN,NaN,NaN,NaN,NaN,NaN,1,phytophthora-rot
1,1,2,1,NaN,2,1,NaN,NaN,NaN,1,1,NaN,NaN,NaN,NaN,NaN,NaN,1,NaN,1,2,NaN,2,0,0,0,NaN,NaN,NaN,NaN,NaN,NaN,NaN,1,phytophthora-rot
1,1,2,1,NaN,3,1,NaN,NaN,NaN,1,1,NaN,NaN,NaN,NaN,NaN,NaN,1,NaN,3,2,NaN,2,0,0,0,NaN,NaN,NaN,NaN,NaN,NaN,NaN,1,phytophthora-rot
1,1,2,2,NaN,1,1,NaN,NaN,NaN,1,1,NaN,NaN,NaN,NaN,NaN,NaN,1,NaN,3,2,NaN,2,0,0,0,NaN,NaN,NaN,NaN,NaN,NaN,NaN,1,phytophthora-rot
2,1,1,2,NaN,2,1,NaN,NaN,NaN,1,1,NaN,NaN,NaN,NaN,NaN,NaN,1,NaN,1,2,NaN,2,0,0,0,NaN,NaN,NaN,NaN,NaN,NaN,NaN,1,phytophthora-rot
3,1,1,1,NaN,3,1,NaN,NaN,NaN,1,1,NaN,NaN,NaN,NaN,NaN,NaN,1,NaN,2,2,NaN,0,0,0,0,NaN,NaN,NaN,NaN,NaN,NaN,NaN,1,phytophthora-rot
3,1,1,1,NaN,1,1,NaN,NaN,NaN,1,1,NaN,NaN,NaN,NaN,NaN,NaN,1,NaN,3,2,NaN,0,0,0,0,NaN,NaN,NaN,NaN,NaN,NaN,NaN,1,phytophthora-rot
1,1,2,2,NaN,1,1,NaN,NaN,NaN,1,1,NaN,NaN,NaN,NaN,NaN,NaN,1,NaN,0,2,NaN,2,0,0,0,NaN,NaN,NaN,NaN,NaN,NaN,NaN,1,phytophthora-rot
2,1,2,2,NaN,2,1,NaN,NaN,NaN,1,1,NaN,NaN,NaN,NaN,NaN,NaN,1,NaN,2,2,NaN,0,0,0,0,NaN,NaN,NaN,NaN,NaN,NaN,NaN,1,phytophthora-rot
3,1,1,1,NaN,3,1,NaN,NaN,NaN,1,1,NaN,NaN,NaN,NaN,NaN,NaN,1,NaN,3,2,NaN,0,0,0,0,NaN,NaN,NaN,NaN,NaN,NaN,NaN,1,phytophthora-rot
4,1,1,1,NaN,2,1,NaN,NaN,NaN,1,1,NaN,NaN,NaN,NaN,NaN,NaN,1,NaN,3,2,NaN,0,0,0,0,NaN,NaN,NaN,NaN,NaN,NaN,NaN,1,phytophthora-rot
1,1,2,2,NaN,3,1,NaN,NaN,NaN,1,1,NaN,NaN,NaN,NaN,NaN,NaN,1,NaN,0,2,NaN,2,0,0,0,NaN,NaN,NaN,NaN,NaN,NaN,NaN,1,phytophthora-rot
2,1,2,2,NaN,2,1,NaN,NaN,NaN,1,1,NaN,NaN,NaN,NaN,NaN,NaN,1,NaN,2,2,NaN,0,0,0,0,NaN,NaN,NaN,NaN,NaN,NaN,NaN,1,phytophthora-rot
3,1,1,1,NaN,3,1,NaN,NaN,NaN,1,1,NaN,NaN,NaN,NaN,NaN,NaN,1,NaN,3,2,NaN,0,0,0,0,NaN,NaN,NaN,NaN,NaN,NaN,NaN,1,phytophthora-rot
4,1,1,1,NaN,2,1,NaN,NaN,NaN,1,1,NaN,NaN,NaN,NaN,NaN,NaN,1,NaN,3,2,NaN,0,0,0,0,NaN,NaN,NaN,NaN,NaN,NaN,NaN,1,phytophthora-rot
1,1,2,2,NaN,3,1,NaN,NaN,NaN,1,1,NaN,NaN,NaN,NaN,NaN,NaN,1,NaN,0,2,NaN,2,0,0,0,NaN,NaN,NaN,NaN,NaN,NaN,NaN,1,phytophthora-rot
2,1,2,2,NaN,2,1,NaN,NaN,NaN,1,1,NaN,NaN,NaN,NaN,NaN,NaN,1,NaN,2,2,NaN,0,0,0,0,NaN,NaN,NaN,NaN,NaN,NaN,NaN,1,phytophthora-rot
3,1,1,1,NaN,3,1,NaN,NaN,NaN,1,1,NaN,NaN,NaN,NaN,NaN,NaN,1,NaN,3,2,NaN,0,0,0,0,NaN,NaN,NaN,NaN,NaN,NaN,NaN,1,phytophthora-rot
1,1,2,2,NaN,2,1,NaN,NaN,NaN,1,1,NaN,NaN,NaN,NaN,NaN,NaN,1,NaN,0,2,NaN,2,0,0,0,NaN,NaN,NaN,NaN,NaN,NaN,NaN,1,phytophthora-rot
2,1,2,1,NaN,3,1,NaN,NaN,NaN,1,1,NaN,NaN,NaN,NaN,NaN,NaN,1,NaN,2,2,NaN,0,0,0,0,NaN,NaN,NaN,NaN,NaN,NaN,NaN,1,phytophthora-rot
3,1,2,1,NaN,1,1,NaN,NaN,NaN,1,1,NaN,NaN,NaN,NaN,NaN,NaN,1,NaN,3,2,NaN,0,0,0,0,NaN,NaN,NaN,NaN,NaN,NaN,NaN,1,phytophthora-rot
1,1,2,2,NaN,2,1,NaN,NaN,NaN,1,1,NaN,NaN,NaN,NaN,NaN,NaN,1,NaN,0,2,NaN,2,0,0,0,NaN,NaN,NaN,NaN,NaN,NaN,NaN,1,phytophthora-rot
2,1,2,2,NaN,3,1,NaN,NaN,NaN,1,1,NaN,NaN,NaN,NaN,NaN,NaN,1,NaN,2,2,NaN,0,0,0,0,NaN,NaN,NaN,NaN,NaN,NaN,NaN,1,phytophthora-rot
3,1,1,1,NaN,2,1,NaN,NaN,NaN,1,1,NaN,NaN,NaN,NaN,NaN,NaN,1,NaN,3,2,NaN,0,0,0,0,NaN,NaN,NaN,NaN,NaN,NaN,NaN,1,phytophthora-rot
4,1,1,1,NaN,3,1,NaN,NaN,NaN,1,1,NaN,NaN,NaN,NaN,NaN,NaN,1,NaN,3,2,NaN,0,0,0,0,NaN,NaN,NaN,NaN,NaN,NaN,NaN,1,phytophthora-rot
1,1,2,1,NaN,2,1,NaN,NaN,NaN,1,1,NaN,NaN,NaN,NaN,NaN,NaN,1,NaN,2,2,NaN,2,0,0,0,NaN,NaN,NaN,NaN,NaN,NaN,NaN,1,phytophthora-rot
2,1,2,1,NaN,3,1,NaN,NaN,NaN,1,1,NaN,NaN,NaN,NaN,NaN,NaN,1,NaN,3,2,NaN,0,0,0,0,NaN,NaN,NaN,NaN,NaN,NaN,NaN,1,phytophthora-rot
3,1,1,1,NaN,1,1,NaN,NaN,NaN,1,1,NaN,NaN,NaN,NaN,NaN,NaN,1,NaN,3,2,NaN,0,0,0,0,NaN,NaN,NaN,NaN,NaN,NaN,NaN,1,phytophthora-rot
4,1,1,1,NaN,1,1,NaN,NaN,NaN,1,1,NaN,NaN,NaN,NaN,NaN,NaN,1,NaN,3,2,NaN,0,0,0,0,NaN,NaN,NaN,NaN,NaN,NaN,NaN,1,phytophthora-rot
1,1,2,2,NaN,2,1,NaN,NaN,NaN,1,1,NaN,NaN,NaN,NaN,NaN,NaN,1,NaN,2,2,NaN,2,0,0,0,NaN,NaN,NaN,NaN,NaN,NaN,NaN,1,phytophthora-rot
2,1,2,2,NaN,3,1,NaN,NaN,NaN,1,1,NaN,NaN,NaN,NaN,NaN,NaN,1,NaN,3,2,NaN,0,0,0,0,NaN,NaN,NaN,NaN,NaN,NaN,NaN,1,phytophthora-rot
3,1,1,1,NaN,2,1,NaN,NaN,NaN,1,1,NaN,NaN,NaN,NaN,NaN,NaN,1,NaN,3,2,NaN,0,0,0,0,NaN,NaN,NaN,NaN,NaN,NaN,NaN,1,phytophthora-rot
2,1,1,1,NaN,3,1,NaN,NaN,NaN,1,1,NaN,NaN,NaN,NaN,NaN,NaN,1,NaN,3,2,NaN,0,0,0,0,NaN,NaN,NaN,NaN,NaN,NaN,NaN,1,phytophthora-rot
3,1,1,1,NaN,2,1,NaN,NaN,NaN,1,1,NaN,NaN,NaN,NaN,NaN,NaN,1,NaN,3,2,NaN,0,0,0,0,NaN,NaN,NaN,NaN,NaN,NaN,NaN,1,phytophthora-rot
3,1,1,1,NaN,3,1,NaN,NaN,NaN,1,1,NaN,NaN,NaN,NaN,NaN,NaN,1,NaN,3,2,NaN,0,0,0,0,NaN,NaN,NaN,NaN,NaN,NaN,NaN,1,phytophthora-rot
3,0,0,0,1,1,0,2,0,0,1,1,2,0,1,0,0,0,1,1,0,3,0,0,0,1,0,0,4,0,0,0,0,0,0,brown-stem-rot
4,0,1,0,1,2,2,1,1,1,1,0,0,2,2,0,0,0,1,1,0,3,0,0,0,1,0,0,4,0,0,0,0,0,0,brown-stem-rot
3,0,0,0,1,3,2,2,0,1,1,1,2,0,1,0,0,0,1,1,0,3,0,0,0,1,0,0,4,0,0,0,0,0,0,brown-stem-rot
5,0,0,1,1,3,0,1,0,0,1,1,2,0,2,0,0,0,1,1,0,3,0,0,0,1,0,0,4,0,0,0,0,0,0,brown-stem-rot
6,0,0,1,1,2,1,1,1,1,1,1,2,0,1,0,0,0,1,1,0,3,0,0,0,1,0,0,4,0,0,0,0,0,0,brown-stem-rot
4,0,1,0,1,3,2,2,0,2,1,0,0,2,2,0,0,0,1,1,0,3,0,0,0,1,0,0,4,0,0,0,0,0,0,brown-stem-rot
5,0,0,2,0,2,3,1,0,2,0,1,0,2,2,0,0,0,1,0,0,0,0,0,0,1,0,0,0,0,0,0,0,0,0,brown-stem-rot
5,0,0,1,0,1,0,1,1,0,0,1,0,2,2,0,0,0,1,0,0,0,0,0,0,1,0,0,0,0,0,0,0,0,0,brown-stem-rot
4,0,0,1,0,3,2,1,0,1,0,1,0,2,2,0,0,0,1,0,0,0,0,0,0,1,0,0,0,0,0,0,0,0,0,brown-stem-rot
5,0,0,1,0,2,3,1,0,2,0,1,0,2,2,0,0,0,1,0,0,0,0,0,0,1,0,0,0,0,0,0,0,0,0,brown-stem-rot
5,0,0,1,0,2,2,1,1,1,0,1,0,2,2,0,0,0,1,0,0,0,0,0,0,1,0,0,0,0,0,0,0,0,0,brown-stem-rot
3,1,1,0,0,2,0,2,0,2,1,0,0,2,2,0,0,0,1,1,0,3,0,0,0,1,0,0,4,0,0,0,0,0,0,brown-stem-rot
5,1,1,1,0,2,3,2,0,0,1,0,0,2,2,0,0,0,1,1,0,3,0,0,0,1,0,0,4,0,0,0,0,0,0,brown-stem-rot
4,1,0,0,0,2,2,2,0,1,1,1,2,0,1,0,0,0,1,0,0,3,0,0,0,1,0,0,4,0,0,0,0,0,0,brown-stem-rot
5,1,1,0,0,3,3,1,1,2,1,0,0,2,2,0,0,0,1,1,0,3,0,0,0,1,0,0,4,0,0,0,0,0,0,brown-stem-rot
4,1,1,0,0,3,1,1,1,0,1,0,0,2,2,0,0,0,1,0,0,3,0,0,0,1,0,0,4,0,0,0,0,0,0,brown-stem-rot
6,1,1,1,0,3,3,1,1,1,1,0,0,2,2,0,0,0,1,1,0,3,0,0,0,1,0,0,4,0,0,0,0,0,0,brown-stem-rot
3,0,0,1,0,2,2,1,0,1,0,1,0,2,2,0,0,0,1,0,0,0,0,0,0,1,0,0,0,0,0,0,0,0,0,brown-stem-rot
5,0,0,2,0,3,0,1,0,2,0,1,0,2,2,0,0,0,1,0,0,0,0,0,0,1,0,0,0,0,0,0,0,0,0,brown-stem-rot
3,0,0,1,0,2,2,1,1,1,0,1,0,2,2,0,0,0,1,0,0,0,0,0,0,1,0,0,0,0,0,0,0,0,0,brown-stem-rot
4,0,0,1,0,1,3,1,0,0,0,1,0,2,2,0,0,0,1,0,0,0,0,0,0,1,0,0,0,0,0,0,0,0,0,brown-stem-rot
5,0,0,2,0,2,0,1,1,0,0,1,0,2,2,0,0,0,1,0,0,0,0,0,0,1,0,0,0,0,0,0,0,0,0,brown-stem-rot
4,0,0,1,0,1,0,1,0,0,0,1,0,2,2,0,0,0,1,0,0,0,0,0,0,1,0,0,0,0,0,0,0,0,0,brown-stem-rot
5,0,0,2,0,3,2,1,1,1,0,1,0,2,2,0,0,0,1,0,0,0,0,0,0,1,0,0,0,0,0,0,0,0,0,brown-stem-rot
1,0,0,0,1,0,0,0,0,0,0,1,0,2,2,0,0,1,0,0,0,0,0,0,0,0,0,0,0,0,0,0,0,0,0,powdery-mildew
2,0,1,1,1,1,1,1,1,1,0,1,0,2,2,0,0,1,0,0,0,0,0,0,0,0,0,0,0,0,0,0,0,0,0,powdery-mildew
3,0,2,0,1,2,2,0,0,2,0,1,0,2,2,0,0,1,0,0,0,0,0,0,0,0,0,0,0,0,0,0,0,0,0,powdery-mildew
4,0,0,1,1,3,3,1,0,0,0,1,0,2,2,0,0,1,0,0,0,0,0,0,0,0,0,0,0,0,0,0,0,0,0,powdery-mildew
5,0,1,0,1,0,0,0,0,1,0,1,0,2,2,0,0,1,0,0,0,0,0,0,0,0,0,0,0,0,0,0,0,0,0,powdery-mildew
4,0,1,0,1,2,2,0,1,0,0,1,0,2,2,0,0,1,0,0,0,0,0,0,0,0,0,0,0,0,0,0,0,0,0,powdery-mildew
3,1,0,1,0,3,3,1,1,2,0,1,0,2,2,0,0,1,0,0,0,0,0,0,0,0,0,0,0,0,0,0,0,0,0,powdery-mildew
4,1,1,0,0,0,0,0,2,0,0,1,0,2,2,0,0,1,0,0,0,0,0,0,0,0,0,0,0,0,0,0,0,0,0,powdery-mildew
2,1,1,0,0,0,0,0,0,1,0,1,0,2,2,0,0,1,0,0,0,0,0,0,0,0,0,0,0,0,0,0,0,0,0,powdery-mildew
5,1,0,1,0,3,3,1,0,1,0,1,0,2,2,0,0,1,0,0,0,0,0,0,0,0,0,0,0,0,0,0,0,0,0,powdery-mildew
3,0,2,0,1,2,2,1,0,1,0,1,1,0,1,0,0,2,0,0,0,0,0,0,0,0,0,0,0,1,1,0,0,0,0,downy-mildew
4,0,2,1,1,3,3,1,1,2,0,1,2,0,1,0,1,2,0,0,0,0,0,0,0,0,0,0,0,1,1,0,0,0,0,downy-mildew
5,0,2,1,1,1,0,1,0,1,0,1,1,0,1,0,0,2,0,0,0,0,0,0,0,0,0,0,0,1,1,0,0,0,0,downy-mildew
2,0,2,0,1,0,3,1,1,2,0,1,2,0,1,0,0,2,0,0,0,0,0,0,0,0,0,0,0,1,1,0,0,0,0,downy-mildew
3,0,2,1,1,1,0,1,0,1,0,1,2,0,1,0,1,2,0,0,0,0,0,0,0,0,0,0,0,1,1,0,0,0,0,downy-mildew
6,1,2,0,0,1,3,0,1,2,0,1,2,0,1,0,1,2,0,0,0,0,0,0,0,0,0,0,0,1,1,0,0,0,0,downy-mildew
3,1,2,2,0,3,1,1,1,2,0,1,1,0,1,0,0,2,0,0,0,0,0,0,0,0,0,0,0,1,1,0,0,0,0,downy-mildew
5,1,2,1,0,2,3,0,1,2,0,1,1,0,1,0,0,2,0,0,0,0,0,0,0,0,0,0,0,1,1,0,0,0,0,downy-mildew
3,1,2,1,0,1,1,0,1,2,0,1,2,0,1,0,0,2,0,0,0,0,0,0,0,0,0,0,0,1,1,0,0,0,0,downy-mildew
5,1,2,0,0,3,3,0,1,2,0,1,2,0,1,0,0,2,0,0,0,0,0,0,0,0,0,0,0,1,1,0,0,0,0,downy-mildew
1,1,2,1,0,3,2,1,0,2,0,1,2,0,1,0,0,0,1,0,3,1,1,0,0,0,0,0,0,0,0,0,0,0,0,brown-spot
2,0,2,1,0,1,1,1,0,0,0,1,2,0,1,1,0,0,0,0,0,0,0,0,0,0,0,0,0,0,0,0,0,0,0,brown-spot
3,0,2,1,0,2,3,1,0,1,0,1,2,0,1,0,0,0,0,0,0,0,0,0,0,0,0,0,0,0,0,0,0,0,0,brown-spot
2,1,2,1,0,3,3,1,0,2,0,1,2,0,1,1,0,0,0,0,0,0,0,0,0,0,0,0,0,0,0,0,0,0,0,brown-spot
2,0,2,1,0,2,2,1,0,1,0,1,2,0,1,1,0,0,1,0,3,1,1,0,0,0,0,0,0,0,0,0,0,0,0,brown-spot
5,0,2,1,0,2,3,2,1,1,0,1,2,0,1,0,0,0,1,0,0,3,1,1,0,0,0,0,0,0,0,0,0,0,0,brown-spot
2,0,2,1,0,3,3,1,1,1,0,1,2,0,1,1,0,0,0,0,0,0,0,0,0,0,0,0,0,0,0,0,0,0,0,brown-spot
1,0,2,1,0,2,3,1,2,1,0,1,2,0,1,1,0,0,0,0,0,0,0,0,0,0,0,0,0,0,0,0,0,0,0,brown-spot
2,1,1,1,1,2,2,1,1,2,1,1,2,0,1,0,0,0,0,0,0,0,0,0,0,0,0,0,0,0,0,0,0,0,0,brown-spot
3,1,2,2,1,1,1,0,2,1,0,1,2,0,1,0,0,0,1,0,3,1,0,0,0,0,0,1,2,0,0,0,0,0,0,brown-spot
0,0,1,1,0,0,0,0,0,0,0,1,2,0,1,0,0,0,0,0,0,0,0,0,0,0,0,0,0,0,0,0,0,0,0,brown-spot
1,0,2,2,0,1,1,0,1,1,1,1,2,0,1,0,0,0,0,0,0,0,0,0,0,0,0,0,0,0,0,0,0,0,0,brown-spot
2,0,1,1,0,2,2,1,2,2,0,1,2,0,1,0,0,0,0,0,0,0,0,0,0,0,0,0,0,0,0,0,0,0,0,brown-spot
3,0,2,2,0,3,3,0,0,1,1,1,2,0,1,0,0,0,1,0,3,1,0,0,0,0,0,0,1,0,0,0,0,0,0,brown-spot
4,0,1,1,0,1,0,1,1,2,0,1,2,0,1,0,0,0,1,0,3,1,1,0,0,0,0,1,2,0,0,0,0,0,0,brown-spot
0,0,2,2,0,2,1,1,2,1,1,1,2,0,1,0,0,0,0,0,0,0,0,0,0,0,0,0,0,0,0,0,0,0,0,brown-spot
1,0,1,1,0,3,2,0,0,2,0,1,2,0,1,0,0,0,0,0,0,0,0,0,0,0,0,0,0,0,0,0,0,0,0,brown-spot
2,0,2,2,0,1,3,0,1,1,0,1,2,0,1,0,0,0,0,0,0,0,0,0,0,0,0,0,0,0,0,0,0,0,0,brown-spot
0,0,1,1,0,2,0,0,2,2,1,1,2,0,1,0,0,0,0,0,0,0,0,0,0,0,0,0,0,0,0,0,0,0,0,brown-spot
1,1,2,2,1,3,1,0,0,1,0,1,2,0,1,0,0,0,0,0,0,0,0,0,0,0,0,0,0,0,0,0,0,0,0,brown-spot
1,0,2,1,0,1,1,1,0,0,0,1,2,0,1,0,0,0,0,0,0,0,0,0,0,0,0,0,0,0,0,0,0,0,0,brown-spot
2,0,2,1,0,2,2,1,0,1,0,1,2,0,1,1,0,0,0,0,0,0,0,0,0,0,0,0,0,0,0,0,0,0,0,brown-spot
3,1,2,1,0,3,3,1,0,2,0,1,2,0,1,0,0,0,1,0,3,1,1,0,0,0,0,0,0,0,0,0,0,0,0,brown-spot
4,0,2,1,0,2,1,1,0,0,0,1,2,0,1,1,0,0,1,0,3,1,1,0,0,0,0,0,0,0,0,0,0,0,0,brown-spot
5,0,2,1,0,3,2,1,0,1,0,1,2,0,1,0,0,0,1,0,3,1,1,0,0,0,0,0,0,0,0,0,0,0,0,brown-spot
1,1,2,1,0,2,3,1,0,2,0,1,2,0,1,1,0,0,0,0,0,0,0,0,0,0,0,0,0,0,0,0,0,0,0,brown-spot
2,0,2,1,0,3,3,1,0,0,0,1,2,0,1,1,0,0,0,0,0,0,0,0,0,0,0,0,0,0,0,0,0,0,0,brown-spot
3,0,2,1,0,2,3,1,0,1,0,1,2,0,1,0,0,0,1,0,3,1,1,0,0,0,0,0,0,0,0,0,0,0,0,brown-spot
1,1,2,1,0,3,3,1,0,2,0,1,2,0,1,1,0,0,0,0,0,0,0,0,0,0,0,0,0,0,0,0,0,0,0,brown-spot
2,0,2,1,0,1,1,1,0,0,0,1,2,0,1,1,0,0,0,0,0,0,0,0,0,0,0,0,0,0,0,0,0,0,0,brown-spot
3,0,2,1,0,2,2,1,0,1,0,1,2,0,1,0,0,0,1,0,3,1,1,0,0,0,0,0,0,0,0,0,0,0,0,brown-spot
1,1,2,1,0,3,3,1,0,2,0,1,2,0,1,1,0,0,0,0,0,0,0,0,0,0,0,0,0,0,0,0,0,0,0,brown-spot
2,0,2,1,0,2,3,1,0,0,0,1,2,0,1,1,0,0,0,0,0,0,0,0,0,0,0,0,0,0,0,0,0,0,0,brown-spot
3,0,2,1,0,3,3,1,0,1,0,1,2,0,1,1,0,0,1,0,3,1,1,0,0,0,0,0,0,0,0,0,0,0,0,brown-spot
1,1,2,1,0,2,1,1,0,2,0,1,2,0,1,1,0,0,0,0,0,0,0,0,0,0,0,0,0,0,0,0,0,0,0,brown-spot
2,0,2,1,0,3,2,1,0,0,0,1,2,0,1,1,0,0,0,0,0,0,0,0,0,0,0,0,0,0,0,0,0,0,0,brown-spot
3,0,2,1,0,2,3,1,0,1,0,1,2,0,1,0,0,0,1,0,3,1,1,0,0,0,0,0,0,0,0,0,0,0,0,brown-spot
4,1,2,1,0,3,1,1,0,2,0,1,2,0,1,0,0,0,1,0,3,1,1,0,0,0,0,0,0,0,0,0,0,0,0,brown-spot
5,0,2,1,0,1,2,1,0,0,0,1,2,0,1,0,0,0,1,0,3,1,1,0,0,0,0,0,0,0,0,0,0,0,0,brown-spot
1,0,2,1,0,2,3,1,0,1,0,1,2,0,1,1,0,0,0,0,0,0,0,0,0,0,0,0,0,0,0,0,0,0,0,brown-spot
2,1,2,1,0,3,3,1,0,2,0,1,2,0,1,1,0,0,0,0,0,0,0,0,0,0,0,0,0,0,0,0,0,0,0,brown-spot
3,0,2,1,0,2,1,1,0,0,0,1,2,0,1,0,0,0,1,0,3,1,1,0,0,0,0,0,0,0,0,0,0,0,0,brown-spot
4,0,2,1,0,3,3,1,0,1,0,1,2,0,1,0,0,0,1,0,3,1,1,0,0,0,0,0,0,0,0,0,0,0,0,brown-spot
5,1,2,1,0,3,3,1,0,2,0,1,2,0,1,0,0,0,1,0,3,1,1,0,0,0,0,0,0,0,0,0,0,0,0,brown-spot
1,0,2,1,0,1,1,1,0,0,0,1,2,0,1,0,0,0,0,0,0,0,0,0,0,0,0,0,0,0,0,0,0,0,0,brown-spot
2,0,2,1,0,2,2,1,0,1,0,1,2,0,1,0,0,0,0,0,0,0,0,0,0,0,0,0,0,0,0,0,0,0,0,brown-spot
3,1,2,1,0,3,3,1,0,2,0,1,2,0,1,1,0,0,1,0,3,1,1,0,0,0,0,0,0,0,0,0,0,0,0,brown-spot
1,0,2,1,0,1,1,1,0,0,0,1,2,0,1,1,0,0,1,0,3,1,1,0,0,0,0,0,0,0,0,0,0,0,0,brown-spot
2,0,2,1,0,2,2,1,0,1,0,1,2,0,1,1,0,0,1,0,3,1,1,0,0,0,0,0,0,0,0,0,0,0,0,brown-spot
3,1,2,1,0,3,3,1,0,2,0,1,2,0,1,1,0,0,1,0,3,1,1,0,0,0,0,0,0,0,0,0,0,0,0,brown-spot
1,0,2,1,0,1,3,1,0,0,0,1,2,0,1,1,0,0,1,0,3,1,1,0,0,0,0,0,0,0,0,0,0,0,0,brown-spot
2,0,2,1,0,2,2,1,0,1,0,1,2,0,1,1,0,0,1,0,3,1,1,0,0,0,0,0,0,0,0,0,0,0,0,brown-spot
3,0,2,1,1,1,1,1,1,1,0,1,2,0,0,1,0,0,0,0,0,0,0,0,0,0,0,0,0,0,0,0,0,0,0,bacterial-blight
4,1,1,1,0,2,2,0,0,2,0,1,1,0,0,1,0,0,0,0,0,0,0,0,0,0,0,0,0,0,0,0,0,0,0,bacterial-blight
2,1,1,1,0,1,0,0,0,2,0,1,1,0,0,0,0,0,0,0,0,0,0,0,0,0,0,0,0,0,0,0,0,0,0,bacterial-blight
4,0,1,2,0,3,2,0,0,1,0,1,1,0,0,1,0,0,0,0,0,0,0,0,0,0,0,0,0,0,0,0,0,0,0,bacterial-blight
5,1,2,1,1,1,3,1,1,2,1,1,2,0,0,1,0,0,0,0,0,0,0,0,0,0,0,0,0,0,0,0,0,0,0,bacterial-blight
3,0,1,1,0,2,0,0,0,0,1,1,1,0,0,1,0,0,0,0,0,0,0,0,0,0,0,0,0,0,0,0,0,0,0,bacterial-blight
4,0,2,1,1,3,1,1,1,1,0,1,2,0,0,0,1,0,0,0,0,0,0,0,0,0,0,0,0,0,0,0,0,0,0,bacterial-blight
3,0,2,1,1,1,2,1,1,1,1,1,2,0,0,1,0,0,0,0,0,0,0,0,0,0,0,0,0,0,0,0,0,0,0,bacterial-blight
4,1,1,1,0,2,3,0,0,2,0,1,1,0,0,1,0,0,0,0,0,0,0,0,0,0,0,0,0,0,0,0,0,0,0,bacterial-blight
5,0,2,1,1,3,0,1,1,1,1,1,2,0,0,1,0,0,0,0,0,0,0,0,0,0,0,0,0,0,0,0,0,0,0,bacterial-blight
3,0,1,0,1,3,3,0,0,1,0,1,1,1,0,0,0,0,0,0,0,0,0,0,0,0,0,0,0,1,1,1,0,0,0,bacterial-pustule
1,1,1,1,0,1,0,0,1,2,0,1,1,1,0,1,0,0,0,0,0,0,0,0,0,0,0,0,0,0,0,0,1,0,1,bacterial-pustule
2,0,1,2,1,2,1,0,0,1,0,1,2,1,0,1,0,0,0,0,0,0,0,0,0,0,0,0,0,1,1,1,0,0,0,bacterial-pustule
3,1,1,1,0,3,2,0,0,2,0,1,2,0,0,0,0,0,0,0,0,0,0,0,0,0,0,0,0,0,0,0,0,0,1,bacterial-pustule
2,0,2,1,1,3,1,1,1,1,0,1,1,1,0,1,0,0,0,0,0,0,0,0,0,0,0,0,0,1,1,1,0,0,0,bacterial-pustule
2,0,2,1,1,1,3,1,0,1,0,1,1,1,0,1,0,0,0,0,0,0,0,0,0,0,0,0,0,1,1,1,0,0,0,bacterial-pustule
1,0,1,1,1,3,1,0,1,1,0,1,1,0,0,1,0,0,0,0,0,0,0,0,0,0,0,0,0,1,1,1,1,0,0,bacterial-pustule
2,1,2,2,0,1,2,1,1,2,0,1,1,1,0,1,0,0,0,0,0,0,0,0,0,0,0,0,0,0,0,0,0,0,1,bacterial-pustule
5,0,1,2,1,0,1,0,0,1,1,1,1,1,0,0,1,0,0,0,0,0,0,0,0,0,0,0,0,1,1,1,0,0,0,bacterial-pustule
2,1,2,0,0,1,2,1,0,2,0,1,1,1,0,1,1,0,0,0,0,0,0,0,0,0,0,0,0,0,0,0,0,0,1,bacterial-pustule
5,0,2,2,1,2,2,0,0,1,0,1,2,0,0,0,0,0,0,1,0,3,0,0,0,0,0,1,1,1,0,1,0,0,0,purple-seed-stain
6,0,2,0,1,3,3,0,1,2,0,1,2,0,0,0,0,0,1,0,0,3,0,0,0,0,0,1,1,1,0,1,0,0,0,purple-seed-stain
5,0,2,2,1,1,1,0,1,2,0,1,2,0,0,0,0,0,0,0,0,3,0,0,0,0,0,1,1,1,0,1,0,0,0,purple-seed-stain
4,0,2,2,1,0,0,0,0,2,0,1,2,0,0,0,0,0,0,1,0,3,0,0,0,0,0,1,1,1,0,1,0,0,0,purple-seed-stain
5,0,2,0,0,1,1,0,0,1,0,1,2,0,0,0,0,0,1,0,0,3,0,0,0,0,0,1,1,1,0,1,0,0,0,purple-seed-stain
6,0,2,1,0,2,2,0,0,2,0,0,0,2,2,0,0,0,1,0,0,3,0,0,0,0,0,1,1,1,0,1,0,0,0,purple-seed-stain
3,0,2,2,0,3,3,0,0,1,0,0,0,2,2,0,0,0,0,0,0,3,0,0,0,0,0,0,0,1,0,1,0,0,0,purple-seed-stain
3,0,2,0,0,3,3,0,0,2,0,0,0,2,2,0,0,0,0,0,0,3,0,0,0,0,0,0,0,1,0,1,0,0,0,purple-seed-stain
5,0,2,2,0,1,1,0,1,2,0,0,0,2,2,0,0,0,0,0,0,3,0,0,0,0,0,0,0,1,0,1,0,0,0,purple-seed-stain
6,0,2,1,0,3,3,0,1,2,0,1,2,0,0,0,0,0,1,0,0,3,0,0,0,0,0,1,1,1,0,1,0,0,0,purple-seed-stain
0,0,2,1,0,0,0,0,0,0,0,1,0,2,2,0,0,0,1,0,2,1,0,1,0,0,0,0,0,1,0,1,1,1,0,anthracnose
2,0,2,1,0,2,2,0,2,2,1,1,0,2,2,0,0,0,1,0,3,1,0,1,0,0,0,0,0,1,0,1,1,1,0,anthracnose
4,0,2,1,0,0,0,0,1,1,0,1,0,2,2,0,0,0,1,0,3,1,1,1,0,0,0,1,2,1,1,0,1,1,0,anthracnose
1,0,2,1,0,0,0,0,2,1,1,1,0,2,2,0,0,0,1,0,2,1,0,1,0,0,0,0,0,1,0,1,0,1,0,anthracnose
4,1,2,2,1,1,1,1,0,0,0,1,0,2,2,0,0,0,1,1,3,2,1,1,0,0,0,1,2,1,1,0,1,0,0,anthracnose
6,0,2,1,0,3,3,1,0,1,0,0,0,2,2,0,0,0,1,0,3,2,1,0,0,0,0,1,2,1,1,0,1,1,0,anthracnose
6,1,2,1,0,1,1,1,1,0,0,0,0,2,2,0,0,0,1,0,3,2,1,0,0,0,0,1,2,1,1,0,1,1,0,anthracnose
6,1,2,1,0,3,3,1,0,0,0,0,0,2,2,0,0,0,1,0,3,2,1,0,0,0,0,1,2,1,1,0,1,1,0,anthracnose
5,1,2,1,0,2,2,1,0,2,0,0,0,2,2,0,0,0,1,0,3,2,1,0,0,0,0,1,2,1,1,0,1,1,0,anthracnose
5,0,2,1,0,3,3,1,1,0,0,0,0,2,2,0,0,0,1,0,3,2,1,0,0,0,0,1,2,1,1,0,1,1,0,anthracnose
4,0,2,1,0,2,2,1,1,2,0,0,0,2,2,0,0,0,1,0,3,2,0,0,0,0,0,1,2,0,0,0,0,0,0,anthracnose
3,1,2,2,1,1,1,0,1,2,1,1,0,2,2,0,0,0,1,1,3,2,1,1,0,0,0,1,2,0,0,0,0,0,0,anthracnose
4,1,2,2,1,1,1,0,1,0,1,1,0,2,2,0,0,0,1,1,3,2,1,1,0,0,0,1,2,0,0,0,0,0,0,anthracnose
5,1,2,2,1,2,2,1,0,1,0,1,0,2,2,0,0,0,1,0,3,1,1,1,0,0,0,1,2,0,0,0,0,0,0,anthracnose
6,1,2,2,1,3,3,0,1,2,0,1,0,2,2,0,0,0,1,0,3,2,1,1,0,0,0,1,2,0,0,0,0,0,0,anthracnose
4,0,2,1,0,1,1,2,0,0,0,0,0,2,2,0,0,0,1,0,3,2,0,0,0,0,0,1,2,0,0,0,0,0,0,anthracnose
5,1,2,1,0,2,2,1,1,1,0,0,0,2,2,0,0,0,1,0,3,2,1,0,0,0,0,1,2,1,1,0,1,1,0,anthracnose
6,0,2,1,0,3,3,1,0,0,0,0,0,2,2,0,0,0,1,0,3,2,1,0,0,0,0,1,2,1,1,0,1,1,0,anthracnose
4,1,2,1,0,1,1,2,1,1,0,0,0,2,2,0,0,0,1,0,3,2,0,0,0,0,0,1,2,0,0,0,0,0,0,anthracnose
5,0,2,1,0,2,2,1,0,0,0,0,0,2,2,0,0,0,1,0,3,2,1,0,0,0,0,1,2,1,1,0,1,1,0,anthracnose
6,1,2,1,0,3,3,1,1,1,0,0,0,2,2,0,0,0,1,0,3,2,1,0,0,0,0,1,2,1,1,0,1,1,0,anthracnose
5,0,2,1,0,3,3,1,0,0,0,0,0,2,2,0,0,0,1,0,3,2,1,0,0,0,0,1,2,0,0,0,0,0,0,anthracnose
5,1,2,1,0,1,1,1,1,1,0,0,0,2,2,0,0,0,1,0,3,2,0,0,0,0,0,1,2,0,0,0,0,0,0,anthracnose
5,0,2,1,0,1,1,1,0,1,0,0,0,2,2,0,0,0,1,0,3,2,1,0,0,0,0,1,2,0,0,0,0,0,0,anthracnose
1,0,0,1,1,0,0,1,0,0,0,1,2,0,1,0,1,0,0,0,0,0,0,0,0,0,0,0,0,0,0,0,0,0,0,phyllosticta-leaf-spot
3,0,0,1,1,2,3,0,0,2,1,1,2,0,1,0,1,0,0,0,0,0,0,0,0,0,0,0,0,0,0,0,0,0,0,phyllosticta-leaf-spot
1,1,1,1,0,2,3,1,0,2,0,1,2,0,1,0,0,0,0,0,0,0,0,0,0,0,0,0,0,0,0,0,0,0,0,phyllosticta-leaf-spot
2,1,1,1,0,2,0,1,0,2,0,1,2,0,1,0,0,0,0,0,0,0,0,0,0,0,0,0,0,0,0,0,0,0,0,phyllosticta-leaf-spot
2,0,0,2,1,1,2,0,1,1,0,1,2,0,1,1,0,0,0,0,0,0,0,0,0,0,0,0,0,0,0,0,0,0,0,phyllosticta-leaf-spot
2,0,0,2,1,1,3,0,0,2,0,1,2,0,1,1,0,0,0,0,0,0,0,0,0,0,0,0,0,0,0,0,0,0,0,phyllosticta-leaf-spot
3,1,1,2,0,1,0,0,0,0,1,1,2,0,1,1,1,0,0,0,0,0,0,0,0,0,0,0,0,0,0,0,0,0,0,phyllosticta-leaf-spot
4,1,1,2,0,1,2,0,1,1,1,1,2,0,1,1,1,0,0,0,0,0,0,0,0,0,0,0,0,0,0,0,0,0,0,phyllosticta-leaf-spot
2,1,1,2,0,3,0,0,1,1,0,1,2,0,1,1,1,0,0,0,0,0,0,0,0,0,0,0,0,0,0,0,0,0,0,phyllosticta-leaf-spot
4,1,1,2,0,1,3,0,1,1,0,1,2,0,1,1,1,0,0,0,0,0,0,0,0,0,0,0,0,0,0,0,0,0,0,phyllosticta-leaf-spot
6,0,2,2,0,2,2,0,1,0,0,1,2,0,1,0,0,0,0,0,0,0,0,0,0,0,0,0,0,0,0,0,0,0,0,alternarialeaf-spot
5,0,2,2,0,2,2,1,0,0,0,1,2,0,1,0,0,0,0,0,0,0,0,0,0,0,0,0,0,0,0,0,0,0,0,alternarialeaf-spot
6,1,2,2,0,2,3,1,1,2,0,1,2,0,1,0,0,0,0,0,0,0,0,0,0,0,0,0,0,0,0,0,0,0,0,alternarialeaf-spot
5,1,2,1,0,2,2,0,0,2,0,1,2,0,1,0,0,0,0,0,0,0,0,0,0,0,0,0,0,0,0,0,0,0,0,alternarialeaf-spot
6,0,2,1,0,3,3,0,1,0,0,1,2,0,1,0,0,0,0,0,0,0,0,0,0,0,0,0,0,0,0,0,0,0,0,alternarialeaf-spot
5,0,2,1,0,2,2,0,0,0,0,1,2,0,1,1,0,0,0,0,0,0,0,0,0,0,0,0,0,0,0,0,0,0,0,alternarialeaf-spot
6,0,2,1,0,3,3,0,1,1,0,1,2,0,1,1,0,0,0,0,0,0,0,0,0,0,0,0,0,0,0,0,0,0,0,alternarialeaf-spot
5,0,2,1,0,3,0,0,1,1,0,1,2,0,1,1,0,0,0,0,0,0,0,0,0,0,0,0,0,0,0,0,0,0,0,alternarialeaf-spot
5,1,2,1,1,0,0,1,1,1,0,1,2,0,1,0,0,0,0,0,0,0,0,0,0,0,0,0,0,1,0,1,0,0,0,alternarialeaf-spot
5,1,2,1,1,1,1,1,1,1,0,1,2,0,1,0,0,0,0,0,0,0,0,0,0,0,0,0,0,0,0,0,0,0,0,alternarialeaf-spot
4,0,2,1,1,0,0,1,0,0,0,1,2,0,1,0,0,0,0,0,0,0,0,0,0,0,0,0,0,1,0,1,0,0,0,alternarialeaf-spot
6,1,1,2,1,1,1,0,2,2,0,1,2,0,1,0,0,0,0,0,0,0,0,0,0,0,0,0,0,0,0,0,0,0,0,alternarialeaf-spot
4,1,2,1,0,2,2,0,0,0,0,1,2,0,1,0,0,0,0,0,0,0,0,0,0,0,0,0,0,1,0,0,0,0,0,alternarialeaf-spot
6,0,1,1,1,0,0,0,2,2,0,1,2,0,1,0,0,0,0,0,0,0,0,0,0,0,0,0,0,1,0,1,0,0,0,alternarialeaf-spot
5,0,2,1,1,2,2,1,1,1,0,1,2,0,1,0,0,0,0,0,0,0,0,0,0,0,0,0,0,1,0,1,0,0,0,alternarialeaf-spot
6,0,1,2,1,3,3,0,2,0,0,1,2,0,1,0,0,0,0,0,0,0,0,0,0,0,0,0,0,0,0,1,0,0,0,alternarialeaf-spot
4,1,2,2,0,0,0,0,0,2,0,1,2,0,1,0,0,0,0,0,0,0,0,0,0,0,0,0,0,1,0,1,0,0,0,alternarialeaf-spot
5,1,1,2,1,0,0,1,1,2,0,1,2,0,1,0,0,0,0,0,0,0,0,0,0,0,0,0,0,1,0,1,0,0,0,alternarialeaf-spot
6,0,2,1,0,1,1,0,2,0,0,1,2,0,1,0,0,0,0,0,0,0,0,0,0,0,0,0,0,0,0,0,0,0,0,alternarialeaf-spot
5,1,1,2,1,2,2,0,0,0,0,1,2,0,1,0,0,0,0,0,0,0,0,0,0,0,0,0,0,1,0,1,0,0,0,alternarialeaf-spot
4,0,2,1,0,1,0,1,0,0,0,1,2,0,1,0,0,0,0,0,0,0,0,0,0,0,0,0,0,0,0,0,0,0,0,alternarialeaf-spot
5,0,2,2,0,2,1,1,1,1,0,1,2,0,1,0,0,0,0,0,0,0,0,0,0,0,0,0,0,0,0,0,0,0,0,alternarialeaf-spot
6,1,2,2,0,3,2,0,0,2,0,1,2,0,1,0,0,0,0,0,0,0,0,0,0,0,0,0,0,0,0,0,0,0,0,alternarialeaf-spot
5,0,2,2,0,1,3,0,1,0,0,1,2,0,1,0,0,0,0,0,0,0,0,0,0,0,0,0,0,0,0,0,0,0,0,alternarialeaf-spot
5,0,2,2,0,2,0,1,0,1,0,1,2,0,1,0,0,0,0,0,0,0,0,0,0,0,0,0,0,0,0,0,0,0,0,alternarialeaf-spot
5,1,2,2,0,3,1,0,1,2,0,1,2,0,1,0,0,0,0,0,0,0,0,0,0,0,0,0,0,0,0,0,0,0,0,alternarialeaf-spot
5,0,2,2,0,2,3,0,1,1,0,1,2,0,1,0,0,0,0,0,0,0,0,0,0,0,0,0,0,0,0,0,0,0,0,alternarialeaf-spot
5,1,2,2,0,3,0,1,0,2,0,1,2,0,1,0,0,0,0,0,0,0,0,0,0,0,0,0,0,0,0,0,0,0,0,alternarialeaf-spot
5,0,2,2,0,1,1,0,1,0,0,1,2,0,1,0,0,0,0,0,0,0,0,0,0,0,0,0,0,0,0,0,0,0,0,alternarialeaf-spot
4,0,2,1,0,2,2,1,0,1,0,1,2,0,1,0,0,0,0,0,0,0,0,0,0,0,0,0,0,0,0,0,0,0,0,alternarialeaf-spot
5,1,2,2,0,3,3,0,1,2,0,1,2,0,1,0,0,0,0,0,0,0,0,0,0,0,0,0,0,0,0,0,0,0,0,alternarialeaf-spot
6,0,2,2,0,1,0,0,0,0,0,1,2,0,1,0,0,0,0,0,0,0,0,0,0,0,0,0,0,0,0,0,0,0,0,alternarialeaf-spot
3,0,2,1,0,2,1,1,1,1,0,1,2,0,1,0,0,0,0,0,0,0,0,0,0,0,0,0,0,0,0,0,0,0,0,alternarialeaf-spot
4,1,2,1,0,3,2,1,0,2,0,1,2,0,1,0,0,0,0,0,0,0,0,0,0,0,0,0,0,0,0,0,0,0,0,alternarialeaf-spot
5,0,2,2,0,1,3,1,1,0,0,1,2,0,1,0,0,0,0,0,0,0,0,0,0,0,0,0,0,0,0,0,0,0,0,alternarialeaf-spot
6,0,2,2,0,2,0,0,0,1,0,1,2,0,1,0,0,0,0,0,0,0,0,0,0,0,0,0,0,0,0,0,0,0,0,alternarialeaf-spot
4,1,2,1,0,3,1,1,1,2,0,1,2,0,1,0,0,0,0,0,0,0,0,0,0,0,0,0,0,0,0,0,0,0,0,alternarialeaf-spot
4,0,2,1,0,1,2,1,0,0,0,1,2,0,1,0,0,0,0,0,0,0,0,0,0,0,0,0,0,0,0,0,0,0,0,alternarialeaf-spot
5,0,2,2,0,2,3,0,1,1,0,1,2,0,1,0,0,0,0,0,0,0,0,0,0,0,0,0,0,0,0,0,0,0,0,alternarialeaf-spot
5,1,2,2,0,3,0,0,0,2,0,1,2,0,1,0,0,0,0,0,0,0,0,0,0,0,0,0,0,0,0,0,0,0,0,alternarialeaf-spot
5,0,2,2,0,1,1,1,1,0,0,1,2,0,1,0,0,0,0,0,0,0,0,0,0,0,0,0,0,0,0,0,0,0,0,alternarialeaf-spot
6,0,2,2,0,2,2,0,0,1,0,1,2,0,1,0,0,0,0,0,0,0,0,0,0,0,0,0,0,0,0,0,0,0,0,alternarialeaf-spot
6,1,2,2,0,3,3,0,1,2,0,1,2,0,1,0,0,0,0,0,0,0,0,0,0,0,0,0,0,0,0,0,0,0,0,alternarialeaf-spot
5,0,2,2,0,1,0,0,0,0,0,1,2,0,1,0,0,0,0,0,0,0,0,0,0,0,0,0,0,0,0,0,0,0,0,alternarialeaf-spot
6,0,2,2,0,2,1,1,1,1,0,1,2,0,1,0,0,0,0,0,0,0,0,0,0,0,0,0,0,0,0,0,0,0,0,alternarialeaf-spot
5,1,2,2,0,3,2,0,0,2,0,1,2,0,1,0,0,0,0,0,0,0,0,0,0,0,0,0,0,0,0,0,0,0,0,alternarialeaf-spot
6,0,2,2,0,3,3,1,1,0,0,1,2,0,1,0,0,0,0,0,0,0,0,0,0,0,0,0,0,0,0,0,0,0,0,alternarialeaf-spot
5,0,2,2,0,3,1,0,0,1,0,1,2,0,1,0,0,0,0,0,0,0,0,0,0,0,0,0,0,0,0,0,0,0,0,alternarialeaf-spot
6,1,2,2,0,3,2,1,1,2,0,1,2,0,1,0,0,0,0,0,0,0,0,0,0,0,0,0,0,0,0,0,0,0,0,alternarialeaf-spot
5,0,2,2,0,2,1,1,0,0,0,1,2,0,1,0,0,0,0,0,0,0,0,0,0,0,0,0,0,0,0,0,0,0,0,alternarialeaf-spot
6,0,2,2,0,2,2,0,1,1,0,1,2,0,1,0,0,0,0,0,0,0,0,0,0,0,0,0,0,0,0,0,0,0,0,alternarialeaf-spot
4,1,2,1,0,3,0,1,0,2,0,1,2,0,1,0,0,0,1,0,3,2,0,1,0,0,0,1,1,0,0,0,0,0,0,frog-eye-leaf-spot
4,0,2,1,0,2,2,1,0,1,0,1,2,0,1,0,0,0,1,0,3,2,0,1,0,0,0,1,1,0,0,0,0,0,0,frog-eye-leaf-spot
3,0,2,1,0,1,0,0,0,0,0,1,2,0,1,0,0,0,0,0,0,0,0,0,0,0,0,0,0,0,0,0,0,0,0,frog-eye-leaf-spot
4,0,2,1,0,1,3,1,1,0,0,1,2,0,1,0,0,0,0,0,0,0,0,0,0,0,0,0,0,0,0,0,0,0,0,frog-eye-leaf-spot
4,1,2,1,0,3,1,1,1,2,0,1,2,0,1,0,0,0,0,0,0,0,0,0,0,0,0,0,0,0,0,0,0,0,0,frog-eye-leaf-spot
4,1,2,1,0,2,1,0,1,2,0,1,2,0,1,0,0,0,1,0,3,2,0,1,0,0,0,1,1,0,0,0,0,0,0,frog-eye-leaf-spot
4,1,2,1,0,3,0,1,0,2,0,1,2,0,1,0,0,0,0,0,0,0,0,0,0,0,0,0,0,0,0,0,0,0,0,frog-eye-leaf-spot
4,0,1,1,1,3,1,0,0,1,0,1,2,0,1,0,0,0,0,0,0,0,0,0,0,0,0,0,0,0,0,0,0,0,0,frog-eye-leaf-spot
6,0,1,1,0,2,3,0,1,0,0,1,2,0,1,0,0,0,0,0,0,0,0,0,0,0,0,0,0,0,0,0,0,0,0,frog-eye-leaf-spot
5,0,1,1,1,0,1,0,0,0,0,1,2,0,1,0,0,0,1,0,3,0,0,1,0,0,0,1,1,0,0,0,0,0,0,frog-eye-leaf-spot
3,0,2,1,1,0,0,1,0,1,0,1,2,0,1,0,0,0,0,0,0,0,0,0,0,0,0,0,0,0,0,0,0,0,0,frog-eye-leaf-spot
5,0,2,1,1,2,2,0,2,0,0,1,2,0,1,0,0,0,1,1,3,1,0,0,0,0,0,0,0,0,0,0,0,0,0,frog-eye-leaf-spot
3,1,2,1,1,0,0,1,1,2,1,1,2,0,1,0,0,0,0,1,2,1,0,1,0,0,0,1,1,0,0,0,0,0,0,frog-eye-leaf-spot
5,0,2,1,1,2,2,0,0,0,0,1,2,0,1,0,0,0,1,0,3,1,0,1,0,0,0,1,1,0,0,0,0,0,0,frog-eye-leaf-spot
4,0,2,2,1,1,0,1,2,0,0,1,2,0,1,0,0,0,0,0,0,0,0,0,0,0,0,0,0,0,0,0,0,0,0,frog-eye-leaf-spot
4,0,2,2,1,3,2,0,1,0,0,1,2,0,1,0,0,0,0,0,0,0,0,0,0,0,0,0,0,0,0,0,0,0,0,frog-eye-leaf-spot
3,1,2,2,1,2,0,1,0,2,1,1,2,0,1,0,0,0,0,0,0,0,0,0,0,0,0,0,0,0,0,0,0,0,0,frog-eye-leaf-spot
4,1,2,2,1,3,0,1,2,2,1,1,2,0,1,0,0,0,0,1,3,1,0,1,0,0,0,0,0,0,0,0,0,0,0,frog-eye-leaf-spot
3,0,2,2,0,2,2,1,0,1,0,1,2,0,1,0,0,0,0,0,0,0,0,0,0,0,0,0,0,0,0,0,0,0,0,frog-eye-leaf-spot
3,0,2,1,0,1,0,1,0,0,0,1,2,0,1,0,0,0,1,0,3,2,0,1,0,0,0,1,1,0,0,0,0,0,0,frog-eye-leaf-spot
4,0,2,2,0,2,1,1,1,1,0,1,2,0,1,0,0,0,1,0,3,2,0,1,0,0,0,1,1,0,0,0,0,0,0,frog-eye-leaf-spot
5,1,2,1,0,3,2,0,0,2,0,1,2,0,1,0,0,0,1,0,3,2,0,1,0,0,0,1,1,0,0,0,0,0,0,frog-eye-leaf-spot
6,0,2,2,0,1,3,0,1,0,0,1,2,0,1,0,0,0,1,0,3,2,0,1,0,0,0,1,1,0,0,0,0,0,0,frog-eye-leaf-spot
4,0,2,1,0,2,0,1,0,1,0,1,2,0,1,0,0,0,1,0,3,2,0,1,0,0,0,1,1,0,0,0,0,0,0,frog-eye-leaf-spot
5,1,2,2,0,3,1,0,1,2,0,1,2,0,1,0,0,0,1,0,3,2,0,1,0,0,0,1,1,0,0,0,0,0,0,frog-eye-leaf-spot
6,0,2,1,0,1,2,0,0,0,0,1,2,0,1,0,0,0,1,0,3,2,0,1,0,0,0,1,1,0,0,0,0,0,0,frog-eye-leaf-spot
4,0,2,2,0,2,3,1,1,1,0,1,2,0,1,0,0,0,1,0,3,2,0,1,0,0,0,1,1,0,0,0,0,0,0,frog-eye-leaf-spot
5,1,2,1,0,3,0,0,0,2,0,1,2,0,1,0,0,0,1,0,3,2,0,1,0,0,0,1,1,0,0,0,0,0,0,frog-eye-leaf-spot
6,0,2,2,0,1,1,0,1,0,0,1,2,0,1,0,0,0,1,0,3,2,0,1,0,0,0,1,1,0,0,0,0,0,0,frog-eye-leaf-spot
4,0,2,1,0,2,2,1,0,1,0,1,2,0,1,0,0,0,1,0,3,2,0,1,0,0,0,1,1,0,0,0,0,0,0,frog-eye-leaf-spot
5,1,2,2,0,3,3,0,1,2,0,1,2,0,1,0,0,0,1,0,3,2,0,1,0,0,0,1,1,0,0,0,0,0,0,frog-eye-leaf-spot
6,0,2,1,0,1,0,0,0,0,0,1,2,0,1,0,0,0,1,0,3,2,0,1,0,0,0,1,1,0,0,0,0,0,0,frog-eye-leaf-spot
3,0,2,2,0,2,1,1,1,1,0,1,2,0,1,0,0,0,1,0,3,2,0,1,0,0,0,1,1,0,0,0,0,0,0,frog-eye-leaf-spot
4,1,2,1,0,3,2,1,0,2,0,1,2,0,1,0,0,0,1,0,3,2,0,1,0,0,0,1,1,0,0,0,0,0,0,frog-eye-leaf-spot
5,0,2,2,0,1,3,0,1,0,0,1,2,0,1,0,0,0,1,0,3,2,0,1,0,0,0,1,1,0,0,0,0,0,0,frog-eye-leaf-spot
6,0,2,2,0,2,0,0,0,1,0,1,2,0,1,0,0,0,1,0,3,2,0,1,0,0,0,1,1,0,0,0,0,0,0,frog-eye-leaf-spot
3,1,2,1,0,3,1,1,1,2,0,1,2,0,1,0,0,0,1,0,3,2,0,1,0,0,0,1,1,0,0,0,0,0,0,frog-eye-leaf-spot
4,0,2,1,0,1,2,1,0,0,0,1,2,0,1,0,0,0,1,0,3,2,0,1,0,0,0,1,1,0,0,0,0,0,0,frog-eye-leaf-spot
5,0,2,1,0,2,3,0,1,1,0,1,2,0,1,0,0,0,1,0,3,2,0,1,0,0,0,1,1,0,0,0,0,0,0,frog-eye-leaf-spot
6,1,2,2,0,3,0,0,0,2,0,1,2,0,1,0,0,0,1,0,3,2,0,1,0,0,0,1,1,0,0,0,0,0,0,frog-eye-leaf-spot
3,0,2,1,0,1,1,1,1,0,0,1,2,0,1,0,0,0,1,0,3,2,0,1,0,0,0,1,1,0,0,0,0,0,0,frog-eye-leaf-spot
4,0,2,1,0,2,2,1,0,1,0,1,2,0,1,0,0,0,1,0,3,2,0,1,0,0,0,1,1,0,0,0,0,0,0,frog-eye-leaf-spot
5,1,2,2,0,3,3,0,1,2,0,1,2,0,1,0,0,0,1,0,3,2,0,1,0,0,0,1,1,0,0,0,0,0,0,frog-eye-leaf-spot
4,0,2,1,0,1,0,1,0,0,0,1,2,0,1,0,0,0,1,0,3,2,0,1,0,0,0,1,1,0,0,0,0,0,0,frog-eye-leaf-spot
5,0,2,2,0,2,1,0,1,1,0,1,2,0,1,0,0,0,1,0,3,2,0,1,0,0,0,1,1,0,0,0,0,0,0,frog-eye-leaf-spot
6,1,2,1,0,3,2,0,0,2,0,1,2,0,1,0,0,0,1,0,3,2,0,1,0,0,0,1,1,0,0,0,0,0,0,frog-eye-leaf-spot
4,0,2,2,0,1,3,1,1,0,0,1,2,0,1,0,0,0,1,0,3,2,0,1,0,0,0,1,1,0,0,0,0,0,0,frog-eye-leaf-spot
5,0,2,1,0,2,0,0,0,1,0,1,2,0,1,0,0,0,1,0,3,2,0,1,0,0,0,1,1,0,0,0,0,0,0,frog-eye-leaf-spot
6,1,2,2,0,3,1,0,1,2,0,1,2,0,1,0,0,0,1,0,3,2,0,1,0,0,0,1,1,0,0,0,0,0,0,frog-eye-leaf-spot
4,0,2,1,0,1,2,1,0,0,0,1,2,0,1,0,0,0,1,0,3,2,0,1,0,0,0,1,1,0,0,0,0,0,0,frog-eye-leaf-spot
5,0,2,2,0,2,3,0,1,1,0,1,2,0,1,0,0,0,1,0,3,2,0,1,0,0,0,1,1,0,0,0,0,0,0,frog-eye-leaf-spot
6,NaN,2,2,NaN,2,3,NaN,NaN,NaN,0,0,NaN,NaN,NaN,NaN,NaN,NaN,1,NaN,0,0,1,0,0,0,0,1,2,1,1,1,1,1,NaN,diaporthe-pod-&-stem-blight
6,NaN,2,2,NaN,1,3,NaN,NaN,NaN,0,0,NaN,NaN,NaN,NaN,NaN,NaN,1,NaN,0,0,1,0,0,0,0,1,2,1,1,1,1,1,NaN,diaporthe-pod-&-stem-blight
5,NaN,2,2,NaN,1,3,NaN,NaN,NaN,0,0,NaN,NaN,NaN,NaN,NaN,NaN,1,NaN,0,0,1,0,0,0,0,1,2,1,1,1,1,1,NaN,diaporthe-pod-&-stem-blight
6,NaN,2,2,NaN,3,3,NaN,NaN,NaN,0,0,NaN,NaN,NaN,NaN,NaN,NaN,1,NaN,0,0,1,0,0,0,0,1,2,1,1,1,1,1,NaN,diaporthe-pod-&-stem-blight
6,NaN,2,2,NaN,0,3,NaN,NaN,NaN,0,0,NaN,NaN,NaN,NaN,NaN,NaN,1,NaN,0,0,1,0,0,0,0,1,2,1,1,1,1,1,NaN,diaporthe-pod-&-stem-blight
1,1,1,2,NaN,0,0,NaN,NaN,2,0,0,NaN,NaN,NaN,NaN,NaN,NaN,1,NaN,0,0,1,0,0,0,0,1,2,0,1,1,1,1,NaN,diaporthe-pod-&-stem-blight
5,0,2,2,NaN,1,3,NaN,NaN,0,0,0,NaN,NaN,NaN,NaN,NaN,NaN,1,NaN,0,0,1,0,0,0,0,1,2,1,1,1,1,1,NaN,diaporthe-pod-&-stem-blight
5,0,2,2,NaN,3,3,NaN,NaN,0,0,0,NaN,NaN,NaN,NaN,NaN,NaN,1,NaN,0,0,1,0,0,0,0,1,2,1,1,1,1,1,NaN,diaporthe-pod-&-stem-blight
6,0,2,2,NaN,3,3,NaN,NaN,1,0,0,NaN,NaN,NaN,NaN,NaN,NaN,1,NaN,0,0,1,0,0,0,0,1,2,1,1,1,1,1,NaN,diaporthe-pod-&-stem-blight
2,NaN,NaN,NaN,NaN,1,1,NaN,NaN,NaN,1,1,NaN,NaN,NaN,NaN,NaN,NaN,0,NaN,NaN,NaN,NaN,NaN,NaN,NaN,NaN,2,NaN,1,0,NaN,1,NaN,2,cyst-nematode
3,NaN,NaN,NaN,NaN,2,2,NaN,NaN,NaN,1,1,NaN,NaN,NaN,NaN,NaN,NaN,0,NaN,NaN,NaN,NaN,NaN,NaN,NaN,NaN,2,NaN,1,0,NaN,1,NaN,2,cyst-nematode
4,NaN,NaN,NaN,NaN,1,1,NaN,NaN,NaN,1,1,NaN,NaN,NaN,NaN,NaN,NaN,0,NaN,NaN,NaN,NaN,NaN,NaN,NaN,NaN,2,NaN,1,0,NaN,1,NaN,2,cyst-nematode
2,NaN,NaN,NaN,NaN,2,2,NaN,NaN,NaN,1,1,NaN,NaN,NaN,NaN,NaN,NaN,0,NaN,NaN,NaN,NaN,NaN,NaN,NaN,NaN,2,NaN,1,0,NaN,1,NaN,2,cyst-nematode
3,NaN,NaN,NaN,NaN,2,1,NaN,NaN,NaN,1,1,NaN,NaN,NaN,NaN,NaN,NaN,0,NaN,NaN,NaN,NaN,NaN,NaN,NaN,NaN,2,NaN,1,0,NaN,1,NaN,2,cyst-nematode
4,NaN,NaN,NaN,NaN,3,2,NaN,NaN,NaN,1,1,NaN,NaN,NaN,NaN,NaN,NaN,0,NaN,NaN,NaN,NaN,NaN,NaN,NaN,NaN,2,NaN,1,0,NaN,1,NaN,2,cyst-nematode
4,NaN,NaN,NaN,NaN,3,1,NaN,NaN,NaN,1,1,NaN,NaN,NaN,NaN,NaN,NaN,0,NaN,NaN,NaN,NaN,NaN,NaN,NaN,NaN,2,NaN,1,0,NaN,1,NaN,2,cyst-nematode
3,NaN,NaN,NaN,NaN,3,2,NaN,NaN,NaN,1,1,NaN,NaN,NaN,NaN,NaN,NaN,0,NaN,NaN,NaN,NaN,NaN,NaN,NaN,NaN,2,NaN,1,0,NaN,1,NaN,2,cyst-nematode
5,NaN,NaN,NaN,NaN,NaN,1,NaN,NaN,NaN,NaN,1,0,2,2,NaN,1,NaN,NaN,NaN,NaN,NaN,NaN,NaN,NaN,NaN,NaN,NaN,NaN,NaN,NaN,NaN,NaN,NaN,NaN,2-4-d-injury
0,NaN,NaN,NaN,NaN,NaN,0,NaN,NaN,NaN,NaN,1,0,2,2,NaN,1,NaN,NaN,NaN,NaN,NaN,NaN,NaN,NaN,NaN,NaN,NaN,NaN,NaN,NaN,NaN,NaN,NaN,NaN,2-4-d-injury
1,NaN,NaN,NaN,NaN,NaN,1,NaN,NaN,NaN,NaN,1,0,2,2,NaN,1,NaN,NaN,NaN,NaN,NaN,NaN,NaN,NaN,NaN,NaN,NaN,NaN,NaN,NaN,NaN,NaN,NaN,NaN,2-4-d-injury
2,NaN,NaN,NaN,NaN,NaN,2,NaN,NaN,NaN,NaN,1,0,2,2,NaN,1,NaN,NaN,NaN,NaN,NaN,NaN,NaN,NaN,NaN,NaN,NaN,NaN,NaN,NaN,NaN,NaN,NaN,NaN,2-4-d-injury
3,NaN,NaN,NaN,NaN,NaN,3,NaN,NaN,NaN,NaN,1,0,2,2,NaN,1,NaN,NaN,NaN,NaN,NaN,NaN,NaN,NaN,NaN,NaN,NaN,NaN,NaN,NaN,NaN,NaN,NaN,NaN,2-4-d-injury
4,NaN,NaN,NaN,NaN,NaN,0,NaN,NaN,NaN,NaN,1,0,2,2,NaN,1,NaN,NaN,NaN,NaN,NaN,NaN,NaN,NaN,NaN,NaN,NaN,NaN,NaN,NaN,NaN,NaN,NaN,NaN,2-4-d-injury
6,NaN,NaN,NaN,NaN,NaN,2,NaN,NaN,NaN,NaN,1,0,2,2,NaN,1,NaN,NaN,NaN,NaN,NaN,NaN,NaN,NaN,NaN,NaN,NaN,NaN,NaN,NaN,NaN,NaN,NaN,NaN,2-4-d-injury
0,NaN,NaN,NaN,NaN,NaN,3,NaN,NaN,NaN,NaN,1,0,2,2,NaN,1,NaN,NaN,NaN,NaN,NaN,NaN,NaN,NaN,NaN,NaN,NaN,NaN,NaN,NaN,NaN,NaN,NaN,NaN,2-4-d-injury
1,NaN,NaN,NaN,NaN,NaN,0,NaN,NaN,NaN,NaN,1,0,2,2,NaN,1,NaN,NaN,NaN,NaN,NaN,NaN,NaN,NaN,NaN,NaN,NaN,NaN,NaN,NaN,NaN,NaN,NaN,NaN,2-4-d-injury
2,NaN,NaN,NaN,NaN,NaN,1,NaN,NaN,NaN,NaN,1,0,2,2,NaN,1,NaN,NaN,NaN,NaN,NaN,NaN,NaN,NaN,NaN,NaN,NaN,NaN,NaN,NaN,NaN,NaN,NaN,NaN,2-4-d-injury
3,NaN,NaN,NaN,NaN,NaN,2,NaN,NaN,NaN,NaN,1,0,2,2,NaN,1,NaN,NaN,NaN,NaN,NaN,NaN,NaN,NaN,NaN,NaN,NaN,NaN,NaN,NaN,NaN,NaN,NaN,NaN,2-4-d-injury
4,NaN,NaN,NaN,NaN,NaN,3,NaN,NaN,NaN,NaN,1,0,2,2,NaN,1,NaN,NaN,NaN,NaN,NaN,NaN,NaN,NaN,NaN,NaN,NaN,NaN,NaN,NaN,NaN,NaN,NaN,NaN,2-4-d-injury
5,NaN,NaN,NaN,NaN,NaN,0,NaN,NaN,NaN,NaN,1,0,2,2,NaN,1,NaN,NaN,NaN,NaN,NaN,NaN,NaN,NaN,NaN,NaN,NaN,NaN,NaN,NaN,NaN,NaN,NaN,NaN,2-4-d-injury
6,NaN,NaN,NaN,NaN,NaN,1,NaN,NaN,NaN,NaN,1,0,2,2,NaN,1,NaN,NaN,NaN,NaN,NaN,NaN,NaN,NaN,NaN,NaN,NaN,NaN,NaN,NaN,NaN,NaN,NaN,NaN,2-4-d-injury
0,NaN,NaN,NaN,NaN,NaN,2,NaN,NaN,NaN,NaN,1,0,2,2,NaN,1,NaN,NaN,NaN,NaN,NaN,NaN,NaN,NaN,NaN,NaN,NaN,NaN,NaN,NaN,NaN,NaN,NaN,NaN,2-4-d-injury
0,1,NaN,0,NaN,0,0,NaN,NaN,NaN,1,1,0,2,2,0,1,NaN,1,NaN,NaN,NaN,NaN,NaN,NaN,NaN,NaN,3,NaN,NaN,NaN,NaN,NaN,NaN,1,herbicide-injury
2,1,NaN,0,NaN,0,0,NaN,NaN,NaN,1,1,0,2,2,0,1,NaN,1,NaN,NaN,NaN,NaN,NaN,NaN,NaN,NaN,3,NaN,NaN,NaN,NaN,NaN,NaN,1,herbicide-injury
0,1,NaN,0,NaN,1,3,NaN,NaN,NaN,1,1,2,1,1,0,1,NaN,1,NaN,NaN,NaN,NaN,NaN,NaN,NaN,NaN,3,NaN,NaN,NaN,NaN,NaN,NaN,1,herbicide-injury
2,1,NaN,0,NaN,1,3,NaN,NaN,NaN,1,1,2,1,1,0,1,NaN,1,NaN,NaN,NaN,NaN,NaN,NaN,NaN,NaN,3,NaN,NaN,NaN,NaN,NaN,NaN,1,herbicide-injury
